股票代码,交易日,昨收盘(元),今开盘(元),最高价(元),最低价(元),收盘价(元),成交量(股),成交金额(元)
603665,20190131,28.32,27.5,28.09,25.49,27.28,1757953.0,48247793.0
300180,20190104,11.07,10.99,11.25,10.98,11.16,2269600.0,25305087.0
300071,20190115,3.87,3.87,3.96,3.83,3.93,17855227.0,69867668.0
002357,20190107,5.7,5.72,5.85,5.7,5.81,2782237.0,16084042.0
002806,20190110,18.12,17.96,18.33,17.9,18.1,2439770.0,44130075.0
603358,20190116,11.2,11.17,11.28,11.08,11.09,913010.0,10191709.0
600721,20190125,5.43,5.97,5.97,5.69,5.97,16018695.0,94454540.0
002649,20190131,7.13,7.17,7.32,7.14,7.18,4130793.0,29867732.0
600698,20190114,4.65,4.65,4.72,4.56,4.61,9518972.0,43973361.0
002168,20190115,10.15,10.13,10.19,9.93,10.18,5239362.0,52790545.0
603328,20190107,9.08,9.06,9.78,9.06,9.63,7920533.0,74522970.0
600729,20190114,27.8,27.81,27.95,27.35,27.42,1201985.0,33137606.0
002657,20190117,13.49,13.34,13.49,13.1,13.17,5775789.0,76582301.0
000898,20190123,5.2,5.18,5.23,5.15,5.19,18784064.0,97476008.0
300222,20190114,15.62,15.65,15.66,15.02,15.1,4426480.0,67580174.0
002518,20190122,8.05,8.01,8.16,7.77,7.86,11917030.0,94604813.0
600732,20190116,5.28,5.31,5.54,5.19,5.49,12019805.0,65265969.0
600706,20190108,10.59,10.51,10.6,10.46,10.55,1066400.0,11244279.0
600351,20190128,5.76,5.78,5.84,5.68,5.69,2278170.0,13062365.0
002723,20190114,9.4,9.41,10.06,9.4,9.71,8046716.0,78373454.0
603188,20190102,7.36,7.38,7.48,7.31,7.34,2318000.0,17112452.0
002189,20190124,12.2,12.2,12.32,12.1,12.19,1270473.0,15516518.0
000751,20190130,2.89,2.88,2.91,2.85,2.87,4000670.0,11528266.0
002596,20190129,7.39,7.19,7.32,6.96,7.02,41557500.0,295752509.0
600352,20190118,9.23,9.22,9.43,9.22,9.43,25015778.0,233736144.0
002434,20190108,6.38,6.37,6.38,6.2,6.21,3975900.0,24885773.0
002058,20190118,12.91,12.91,13.05,12.34,12.43,3383160.0,42596872.0
002370,20190124,11.7,10.95,11.19,10.53,10.53,19725020.0,209377558.0
603111,20190115,4.33,4.32,4.37,4.29,4.34,8710363.0,37710823.0
600335,20190102,6.24,6.29,6.36,6.25,6.27,7729217.0,48670713.0
600587,20190104,12.61,12.6,12.92,12.49,12.86,1452379.0,18536218.0
600886,20190130,8.32,8.29,8.32,8.1,8.14,18077279.0,147895036.0
603518,20190104,14.14,13.81,14.36,13.79,14.26,851398.0,12090898.0
002705,20190117,9.65,9.6,9.6,9.31,9.35,2570504.0,24155256.0
603100,20190116,8.55,8.54,8.54,8.29,8.29,2638395.0,22138869.0
603998,20190128,4.95,5.02,5.05,4.86,4.93,1688600.0,8356406.0
300145,20190121,3.36,3.36,3.37,3.31,3.32,14520884.0,48380283.0
002109,20190122,3.69,3.7,3.95,3.67,3.77,13721105.0,52208745.0
600372,20190104,13.39,13.35,13.88,13.28,13.84,10382776.0,141768639.0
600889,20190130,4.62,4.64,4.69,4.56,4.57,778981.0,3596272.0
002428,20190123,5.92,5.92,6.01,5.83,5.95,13239557.0,78522477.0
000532,20190104,9.38,9.25,9.76,9.16,9.73,11600036.0,110701637.0
002828,20190124,11.75,11.66,11.7,11.52,11.64,2086691.0,24275128.0
300596,20190128,26.8,27.0,27.8,26.76,27.11,1160056.0,31644296.0
300679,20190124,27.96,28.02,28.87,27.62,28.53,1972960.0,56122020.0
601599,20190114,3.27,3.26,3.31,3.22,3.24,3579937.0,11667127.0
600521,20190107,10.53,10.69,10.73,10.4,10.56,13148331.0,139207504.0
000559,20190129,5.5,5.5,5.51,5.3,5.46,7467517.0,40443409.0
002306,20190130,3.15,3.15,3.19,3.13,3.13,861800.0,2716718.0
002077,20190129,3.86,3.85,3.85,3.68,3.72,11314803.0,42129933.0
603798,20190130,9.67,9.57,9.75,9.51,9.55,751900.0,7232841.0
603822,20190114,23.27,23.5,24.28,23.32,24.0,1015663.0,24373126.0
600903,20190124,20.94,20.84,21.29,20.84,21.02,5276599.0,111168307.0
002009,20190102,7.56,7.58,7.67,7.44,7.54,3137587.0,23635874.0
600020,20190114,3.71,3.71,3.74,3.67,3.68,9886209.0,36597729.0
603906,20190116,8.88,8.88,8.96,8.84,8.9,1668335.0,14870718.0
000821,20190114,7.96,7.9,7.96,7.77,7.8,4867500.0,38188020.0
600419,20190124,14.79,14.75,14.85,14.58,14.7,1251247.0,18437031.0
600218,20190109,4.78,4.78,4.94,4.77,4.83,3892736.0,18986500.0
300151,20190108,5.47,5.43,5.48,5.4,5.43,1253727.0,6816591.0
601989,20190122,4.41,4.4,4.44,4.39,4.41,28441136.0,125523260.0
603683,20190104,13.82,13.71,14.1,13.56,14.1,1319326.0,18366519.0
300585,20190102,8.84,8.82,8.99,8.79,8.85,1873500.0,16586953.0
300679,20190128,26.18,26.2,26.61,26.08,26.39,1852325.0,48887044.0
000009,20190114,4.47,4.5,4.53,4.44,4.48,10961837.0,49241883.0
603800,20190109,11.91,11.91,11.98,11.73,11.75,3232996.0,38302932.0
603118,20190114,7.31,7.29,7.29,7.07,7.19,14923226.0,106647102.0
603103,20190131,22.19,22.25,24.28,22.0,23.9,4919865.0,112532394.0
002915,20190114,22.41,22.29,22.7,22.2,22.39,1071360.0,24032832.0
300245,20190115,8.93,8.93,9.26,8.87,9.18,4371300.0,39865141.0
002527,20190118,5.82,5.82,5.93,5.75,5.83,2473850.0,14370623.0
600933,20190117,8.01,8.02,8.06,7.86,7.9,1339600.0,10658229.0
002479,20190104,4.3,4.27,4.43,4.25,4.41,6003508.0,26180357.0
600815,20190110,3.07,3.06,3.11,3.06,3.08,2129453.0,6578011.0
002587,20190102,4.86,4.83,4.93,4.79,4.92,2033593.0,9918105.0
002118,20190114,5.47,5.44,6.02,5.33,5.58,116286006.0,668532553.0
002718,20190124,26.58,26.58,26.79,26.34,26.55,347693.0,9249204.0
300642,20190108,37.97,37.86,37.91,36.91,37.15,918696.0,34259421.0
603225,20190129,17.05,17.05,17.12,16.22,16.48,4691959.0,77839899.0
000766,20190118,6.77,6.77,6.84,6.75,6.77,3279110.0,22278273.0
000726,20190114,9.6,9.57,9.6,9.42,9.59,3569414.0,33970297.0
600834,20190102,6.69,6.7,6.74,6.61,6.66,499534.0,3328727.0
002402,20190115,7.15,7.06,7.13,6.95,7.08,14648748.0,103118433.0
000029,20190104,11.17,11.17,11.17,11.17,11.17,0.0,0.0
600977,20190131,14.8,14.76,14.95,14.5,14.95,7783694.0,114919806.0
000995,20190111,4.46,4.45,4.68,4.43,4.68,7337231.0,33810108.0
600885,20190102,22.56,22.5,23.1,22.4,22.81,2873610.0,65629479.0
000898,20190111,5.07,5.08,5.12,5.07,5.12,13202861.0,67321446.0
002736,20190125,8.48,8.5,8.55,8.45,8.47,5511200.0,46821336.0
600665,20190103,3.46,3.43,3.51,3.43,3.46,1659700.0,5773263.0
002597,20190118,15.17,15.13,15.46,15.08,15.41,4471451.0,68384435.0
603228,20190121,47.48,47.75,48.78,47.52,48.68,897978.0,43465734.0
002604,20190118,1.65,1.64,1.67,1.63,1.66,7492207.0,12337188.0
002676,20190124,3.15,3.14,3.19,3.08,3.12,7297000.0,22791825.0
300358,20190117,7.8,8.03,8.58,8.03,8.58,14563410.0,123532855.0
601619,20190121,5.2,5.27,5.32,5.05,5.12,32319200.0,166833195.0
600624,20190121,6.18,6.18,6.26,6.1,6.2,18718001.0,115667201.0
603517,20190109,32.85,32.62,34.5,32.62,33.88,2224784.0,75523780.0
600889,20190108,4.8,4.79,4.83,4.7,4.76,1284300.0,6124578.0
603601,20190116,7.68,7.7,7.74,7.59,7.65,1452203.0,11124963.0
002558,20190109,19.79,19.77,19.92,19.57,19.71,4554890.0,90022803.0
002674,20190130,9.08,9.09,9.39,9.0,9.24,2168328.0,20040366.0
300592,20190117,9.47,9.54,9.54,9.24,9.24,1625678.0,15167976.0
600305,20190129,11.69,11.69,11.8,11.4,11.69,15917793.0,185230119.0
600201,20190131,14.23,14.2,14.37,14.11,14.21,9366799.0,133424520.0
601330,20190121,12.39,12.32,12.85,12.32,12.65,7977342.0,100312252.0
600580,20190117,6.77,6.76,6.82,6.69,6.71,3373418.0,22767046.0
002853,20190131,16.84,16.78,17.16,16.5,16.5,715350.0,11950123.0
601601,20190117,28.8,28.95,29.6,28.62,28.87,26808446.0,780924578.0
002606,20190131,5.84,5.9,6.06,5.32,5.59,37980191.0,216349209.0
603081,20190111,12.08,12.08,12.23,11.79,12.0,6924441.0,83035716.0
601319,20190130,5.7,5.56,5.71,5.54,5.66,101429454.0,570171328.0
000985,20190104,12.42,12.42,12.71,12.3,12.71,449100.0,5659489.0
601811,20190114,9.9,9.97,10.2,9.97,10.06,4417182.0,44599661.0
002319,20190107,15.47,15.47,15.7,15.32,15.63,1134702.0,17600579.0
300258,20190103,11.9,11.8,12.01,11.67,11.9,1183337.0,14054423.0
002497,20190130,6.57,6.35,6.56,6.31,6.41,11544800.0,74483072.0
300170,20190111,10.33,10.38,10.58,10.34,10.48,10866231.0,113909643.0
600361,20190122,3.66,3.61,3.68,3.61,3.64,2042181.0,7446570.0
600673,20190118,8.24,8.31,8.41,8.29,8.36,13657781.0,114177627.0
002780,20190116,12.56,12.77,12.97,12.68,12.79,2122050.0,27216941.0
000001,20190123,10.28,10.29,10.47,10.29,10.35,53787663.0,559384396.0
600671,20190121,19.28,19.02,19.4,18.9,18.95,1026590.0,19590339.0
600090,20190131,5.4,5.4,5.47,5.36,5.38,3666644.0,19823019.0
300608,20190125,17.79,17.79,17.92,17.29,17.3,556924.0,9799058.0
300271,20190124,14.11,14.2,14.46,13.73,14.4,11164884.0,158274283.0
000506,20190102,2.69,2.72,2.73,2.65,2.68,19019733.0,50981552.0
002856,20190125,21.18,21.2,21.35,20.5,20.56,2128940.0,44562390.0
002860,20190102,18.71,18.75,19.25,18.63,19.17,2541859.0,48493342.0
002805,20190114,15.15,15.13,15.13,14.94,15.0,890808.0,13363963.0
000301,20190109,5.35,5.42,5.42,5.34,5.35,4292833.0,23077593.0
600614,20190102,3.59,3.85,3.95,3.75,3.95,50251727.0,195938402.0
300385,20190116,14.44,14.48,14.49,14.32,14.33,323750.0,4661951.0
002082,20190109,7.87,7.87,7.99,7.85,7.85,1290306.0,10226630.0
601958,20190104,5.92,5.9,6.06,5.89,6.05,5550903.0,33317270.0
000768,20190118,13.92,13.89,14.07,13.89,14.03,7052388.0,98705303.0
002670,20190130,9.18,9.19,9.29,8.91,8.94,2466966.0,22473421.0
601988,20190116,3.52,3.52,3.53,3.5,3.52,86618476.0,304400644.0
600070,20190118,6.46,6.55,6.62,6.49,6.55,3078825.0,20197574.0
002547,20190104,5.48,5.27,5.49,5.2,5.37,87829460.0,469337810.0
300229,20190103,8.68,8.67,8.9,8.65,8.73,2041132.0,17900713.0
600196,20190121,23.7,23.8,24.3,23.43,23.7,27665998.0,659124441.0
300091,20190118,3.92,3.98,4.03,3.85,3.91,34890149.0,137453398.0
000670,20190111,4.04,4.06,4.3,3.76,3.81,118212175.0,473584216.0
300363,20190111,8.73,8.71,8.76,8.57,8.62,1677755.0,14524390.0
300384,20190109,12.45,12.47,12.69,12.38,12.38,2950783.0,36947528.0
600053,20190115,23.66,23.05,23.08,21.99,22.9,7538448.0,169943512.0
601688,20190110,17.95,17.99,18.05,17.52,17.53,45147865.0,798250213.0
600874,20190114,8.53,8.51,8.57,8.35,8.45,11200868.0,94989283.0
300311,20190115,6.24,6.2,6.49,6.18,6.47,16237340.0,103426687.0
603880,20190104,11.66,11.22,11.88,11.01,11.8,2279233.0,26058870.0
601558,20190125,1.17,1.17,1.18,1.16,1.16,13096468.0,15275398.0
600271,20190130,24.67,24.69,25.25,24.51,24.79,8814017.0,220213469.0
600067,20190118,3.88,3.88,3.88,3.8,3.83,3831277.0,14696162.0
600073,20190121,7.42,7.46,7.56,7.41,7.51,5141777.0,38547105.0
000921,20190103,6.99,7.0,7.07,6.94,6.96,2368284.0,16580308.0
002391,20190108,10.71,10.71,10.76,10.63,10.68,947084.0,10118726.0
002628,20190124,4.81,4.79,4.84,4.72,4.8,7903500.0,37795953.0
002254,20190114,10.77,10.75,10.85,10.66,10.75,3037682.0,32560054.0
002418,20190114,3.35,3.55,3.69,3.55,3.69,81505176.0,299555235.0
300517,20190111,13.7,13.73,13.85,13.64,13.84,1557342.0,21411362.0
600201,20190114,15.8,15.75,15.87,15.13,15.6,10226281.0,158100919.0
300392,20190116,6.83,6.8,6.93,6.72,6.86,7189579.0,49134588.0
000613,20190131,6.54,6.42,6.53,5.89,5.89,14092933.0,85583288.0
601919,20190104,4.2,4.17,4.29,4.15,4.29,18426352.0,78278205.0
000587,20190103,2.32,2.34,2.55,2.29,2.55,46827992.0,114107213.0
300129,20190108,3.22,3.19,3.2,3.1,3.12,9732193.0,30490198.0
002109,20190109,3.61,3.62,3.67,3.61,3.62,4234438.0,15419868.0
002072,20190117,6.45,6.37,6.39,6.2,6.26,15254877.0,95777773.0
603885,20190114,12.27,12.28,12.28,11.96,11.97,6633119.0,79877895.0
600808,20190110,3.5,3.5,3.51,3.46,3.49,31680947.0,110508007.0
002936,20190131,4.78,4.79,4.84,4.73,4.74,18600270.0,89088609.0
000999,20190124,22.36,22.41,22.47,22.24,22.38,4457787.0,99551478.0
002341,20190124,10.5,10.95,11.38,10.71,11.22,32900205.0,364266581.0
603516,20190128,21.68,21.89,22.04,20.75,20.79,1413155.0,30145361.0
600506,20190129,10.16,10.16,10.3,9.84,9.92,1324400.0,13192976.0
600251,20190121,5.14,5.19,5.23,5.12,5.17,4179962.0,21580734.0
002184,20190114,10.63,10.47,10.77,10.23,10.3,7076201.0,73565164.0
000823,20190130,8.58,8.47,8.67,8.12,8.15,29458392.0,245774634.0
300163,20190109,3.53,3.58,3.73,3.52,3.61,5814261.0,21027983.0
600560,20190121,8.49,8.52,8.58,8.38,8.45,6420988.0,54512269.0
600874,20190111,8.48,8.41,8.6,8.3,8.53,16731529.0,141417521.0
603922,20190107,15.46,15.51,15.85,15.5,15.85,1324354.0,20854815.0
300442,20190114,13.4,13.42,13.42,13.2,13.23,524100.0,6952099.0
000004,20190102,16.03,16.05,16.24,16.01,16.06,142400.0,2290041.0
300129,20190109,3.12,3.12,3.43,3.12,3.43,16851898.0,57200630.0
000099,20190122,6.06,6.05,6.07,5.96,5.99,2108785.0,12662890.0
300201,20190115,4.14,4.15,4.27,4.13,4.27,6069780.0,25700032.0
600760,20190124,30.51,30.78,31.48,30.43,31.36,5521155.0,172224258.0
601238,20190117,10.28,10.26,10.31,10.24,10.27,5552296.0,57007852.0
600339,20190121,3.98,4.04,4.04,3.88,3.91,19197000.0,75730802.0
601117,20190116,5.53,5.53,5.56,5.51,5.54,11659307.0,64562714.0
300402,20190111,8.06,8.06,8.15,8.01,8.1,2342592.0,18949004.0
300205,20190114,8.85,8.89,8.92,8.72,8.8,3462534.0,30465055.0
600260,20190131,16.85,16.92,17.08,16.61,16.86,10590401.0,178683499.0
603398,20190118,11.82,11.75,13.0,11.51,12.56,11397098.0,142884475.0
300313,20190125,6.52,5.88,6.14,5.87,5.87,5710000.0,33698804.0
000669,20190121,5.65,5.67,5.69,5.6,5.65,9527009.0,53859488.0
002108,20190128,4.33,4.35,4.38,4.21,4.21,12627742.0,53948876.0
300654,20190102,13.92,14.0,14.17,13.8,13.93,648550.0,9012489.0
603607,20190111,18.4,18.39,18.69,18.25,18.57,1056400.0,19492814.0
600860,20190118,5.15,5.05,5.24,4.92,4.94,3167733.0,15798577.0
300454,20190115,90.25,89.33,90.46,88.54,90.27,667228.0,59639331.0
603858,20190121,25.43,25.49,25.73,25.4,25.5,5379725.0,137428853.0
600488,20190131,3.72,3.72,3.73,3.63,3.64,1692000.0,6213303.0
600841,20190107,6.69,6.74,6.89,6.71,6.84,1217875.0,8278224.0
600325,20190131,6.78,6.65,6.84,6.64,6.75,28831905.0,194805072.0
002919,20190102,19.97,19.91,20.84,19.91,20.3,1458312.0,29569020.0
300631,20190102,14.95,15.08,15.25,15.0,15.19,788604.0,11932212.0
603059,20190117,31.26,31.26,31.75,31.06,31.18,1720588.0,53986013.0
601318,20190109,55.8,56.2,57.6,55.96,56.95,81914613.0,4673997766.0
002762,20190123,5.39,5.39,5.43,5.35,5.39,1640001.0,8827208.0
002234,20190122,12.9,12.84,13.36,12.72,13.21,14632762.0,192164060.0
002252,20190129,6.47,6.4,6.56,6.25,6.38,39398756.0,251408569.0
603226,20190104,15.75,15.54,16.35,15.52,16.23,1108409.0,17724259.0
300359,20190122,6.16,6.16,6.21,6.06,6.08,4874450.0,29850266.0
603085,20190124,8.04,8.02,8.07,7.89,7.92,3209100.0,25585350.0
300634,20190121,24.73,24.7,25.16,24.45,25.05,2596993.0,64684320.0
603855,20190116,8.42,8.42,8.46,8.36,8.46,626635.0,5276886.0
601808,20190129,8.61,8.59,8.65,8.48,8.59,3817848.0,32782316.0
000564,20190117,2.87,2.88,2.88,2.82,2.83,25915008.0,73743779.0
002023,20190104,11.06,10.75,11.2,10.73,11.06,54342794.0,595617605.0
002726,20190131,7.59,7.67,7.67,7.4,7.58,1702870.0,12822612.0
603111,20190103,3.94,3.96,4.02,3.91,3.94,3238628.0,12834033.0
002667,20190116,6.98,6.96,7.68,6.83,7.29,10586414.0,77493724.0
601577,20190124,8.58,8.58,8.65,8.54,8.61,10221321.0,87907606.0
300712,20190114,15.12,15.11,15.2,14.7,14.79,1050100.0,15604942.0
601188,20190102,2.96,2.97,3.09,2.93,3.08,4950994.0,14892407.0
300532,20190116,10.92,10.85,11.0,10.79,10.87,3180434.0,34664008.0
002143,20190108,2.98,2.97,3.14,2.94,3.04,26003663.0,79311023.0
002570,20190128,5.1,5.13,5.14,4.98,5.0,4498741.0,22651010.0
600004,20190130,11.02,10.84,11.6,10.8,11.31,26897117.0,305407340.0
000568,20190125,42.41,42.5,43.39,42.01,42.72,10815196.0,464137617.0
601098,20190115,12.34,12.24,12.71,12.24,12.59,6910898.0,86617604.0
002216,20190131,7.39,7.39,7.47,7.12,7.25,3699500.0,26898124.0
000692,20190107,2.66,2.66,2.77,2.66,2.74,2394300.0,6532813.0
300362,20190124,4.53,4.51,4.61,4.45,4.6,11446046.0,52000301.0
600750,20190117,16.73,16.73,16.8,16.72,16.78,2011017.0,33701716.0
603579,20190128,29.49,29.62,30.58,29.18,29.46,2596744.0,77343702.0
300556,20190128,16.53,16.72,17.15,16.53,16.9,3188585.0,53713338.0
002579,20190117,9.48,9.46,9.48,9.12,9.19,10539408.0,97810183.0
300215,20190104,5.41,5.35,5.95,5.26,5.95,20350147.0,118068609.0
002862,20190103,23.44,23.36,24.2,23.01,23.23,10822782.0,255473118.0
002604,20190103,1.64,1.63,1.67,1.63,1.66,6953600.0,11505017.0
600993,20190117,13.79,13.74,13.81,13.57,13.61,1619572.0,22165334.0
300698,20190102,18.23,18.33,18.83,18.11,18.34,4561029.0,84172914.0
300497,20190125,17.16,17.14,17.14,16.78,16.8,565700.0,9566171.0
600192,20190110,4.74,4.79,5.12,4.74,4.92,16453555.0,80745611.0
600340,20190107,26.01,26.29,26.89,26.27,26.4,11928641.0,316781296.0
600618,20190131,6.72,6.74,6.79,6.56,6.58,2223054.0,14894778.0
002309,20190130,8.67,8.64,9.08,8.48,8.55,9334441.0,81400880.0
601212,20190110,3.08,3.09,3.13,3.07,3.09,10618900.0,32897762.0
300166,20190128,11.02,11.1,11.16,10.6,10.75,11859003.0,128271192.0
300737,20190102,8.78,8.78,8.88,8.7,8.78,1328304.0,11639521.0
600231,20190116,2.85,2.86,2.86,2.81,2.83,11127030.0,31491901.0
300466,20190118,6.15,6.18,6.27,6.02,6.05,10673451.0,65179037.0
002750,20190104,5.59,5.51,5.76,5.51,5.73,700300.0,3942375.0
002522,20190131,4.48,4.51,4.53,4.36,4.39,7257000.0,32130604.0
002189,20190130,11.52,11.5,11.72,11.35,11.39,1506938.0,17369812.0
002463,20190109,7.84,7.84,8.03,7.68,7.77,62600821.0,492755517.0
300156,20190114,3.89,3.9,3.92,3.73,3.76,15053875.0,57377412.0
600313,20190130,2.35,2.33,2.36,2.3,2.31,15974550.0,37215125.0
300164,20190108,6.55,6.5,6.63,6.42,6.48,12437693.0,80872062.0
002048,20190129,10.82,10.82,10.84,10.3,10.67,4319820.0,45632368.0
000790,20190104,4.04,3.97,4.15,3.93,4.14,7491341.0,30605884.0
603508,20190103,40.09,40.02,41.85,39.52,41.34,1261874.0,51519508.0
002430,20190102,9.35,9.27,9.27,8.97,9.0,3919997.0,35673756.0
002729,20190125,21.24,21.24,21.41,20.8,20.9,296475.0,6282612.0
002670,20190116,10.45,10.43,10.47,10.09,10.1,7754942.0,79206448.0
300231,20190103,6.52,6.53,6.62,6.48,6.5,2335514.0,15308388.0
002724,20190108,5.56,5.53,5.7,5.48,5.64,2254308.0,12681088.0
000880,20190123,7.61,7.57,7.8,7.54,7.78,1733269.0,13386339.0
300184,20190108,7.99,7.97,8.1,7.89,8.01,5113399.0,40901849.0
002937,20190103,21.54,21.09,21.43,20.66,20.74,10280077.0,215676196.0
000089,20190114,7.77,7.76,7.85,7.74,7.83,4996883.0,39062912.0
600262,20190104,17.82,17.56,17.88,17.0,17.78,488300.0,8568646.0
601636,20190131,3.96,3.97,3.98,3.89,3.9,19328102.0,75876938.0
300054,20190103,6.35,6.42,6.42,5.99,6.0,8379767.0,51475989.0
002600,20190111,2.7,2.67,2.77,2.66,2.74,36850585.0,100945715.0
603890,20190123,12.27,12.3,12.33,12.11,12.21,1216908.0,14830193.0
300263,20190114,4.18,4.18,4.24,4.15,4.16,5499447.0,23041289.0
600490,20190117,4.76,4.76,4.82,4.69,4.74,13775630.0,65480722.0
600259,20190115,22.91,22.98,23.1,22.75,23.05,1373386.0,31515989.0
002472,20190103,5.66,5.7,5.82,5.66,5.72,6059300.0,34762934.0
000668,20190124,9.32,9.4,9.42,9.22,9.36,662134.0,6179548.0
300751,20190121,142.2,142.09,145.52,142.09,142.59,470450.0,67394951.0
000589,20190128,3.6,3.62,3.63,3.55,3.56,3617333.0,12988663.0
603818,20190121,6.85,6.85,6.98,6.78,6.98,1740908.0,12075405.0
002557,20190109,19.16,19.19,19.36,19.05,19.09,6254917.0,120251267.0
002027,20190115,5.37,5.37,5.57,5.3,5.51,135993900.0,743220315.0
002051,20190131,11.21,11.22,11.36,11.13,11.24,2575788.0,28992450.0
600764,20190125,24.4,24.4,24.58,24.05,24.07,558900.0,13595373.0
600062,20190125,11.77,11.77,11.87,11.59,11.59,9492763.0,111522964.0
300312,20190117,9.19,9.07,9.28,8.81,8.89,23060239.0,207648295.0
603626,20190129,7.28,7.25,7.25,6.88,7.03,4278425.0,30123486.0
000488,20190131,5.7,5.69,5.76,5.62,5.65,13131767.0,74776660.0
600238,20190108,5.16,5.06,5.18,5.06,5.14,1335339.0,6839523.0
002591,20190125,6.54,6.52,6.59,6.45,6.52,2481919.0,16241119.0
600699,20190128,21.21,21.27,21.86,21.27,21.43,7067649.0,152628091.0
300003,20190116,18.47,18.49,19.28,18.27,19.06,34231589.0,644600248.0
600222,20190116,3.74,3.74,3.76,3.7,3.73,3931591.0,14647259.0
603239,20190108,10.69,10.63,10.69,10.54,10.6,650572.0,6903235.0
601019,20190107,8.06,8.06,8.18,8.01,8.11,9227974.0,74763382.0
603903,20190104,19.85,19.5,20.19,19.13,20.09,1313088.0,26038453.0
000506,20190122,3.12,3.1,3.36,3.07,3.14,77641432.0,249872818.0
300045,20190121,8.2,8.2,8.47,8.18,8.29,6046722.0,50477371.0
603878,20190128,12.09,12.09,12.24,12.0,12.09,1047983.0,12710472.0
000502,20190124,7.29,7.23,7.33,7.18,7.24,591349.0,4283680.0
002908,20190107,17.85,17.96,18.28,17.91,18.2,1799351.0,32647843.0
000016,20190117,3.46,3.47,3.53,3.46,3.47,6775112.0,23658347.0
000637,20190129,5.12,4.81,4.97,4.61,4.61,42367791.0,198709710.0
300140,20190117,9.28,9.28,9.28,8.76,8.81,12491003.0,111568934.0
600582,20190131,3.4,3.42,3.43,3.33,3.38,12295394.0,41581704.0
300666,20190111,41.39,41.57,41.69,40.68,40.96,1916533.0,78775914.0
600105,20190129,4.43,4.48,4.48,4.19,4.37,18870622.0,81991979.0
300093,20190114,6.64,6.63,6.75,6.54,6.61,2497181.0,16561017.0
600973,20190128,3.81,3.85,3.9,3.81,3.83,5123266.0,19751719.0
300117,20190130,3.78,3.74,3.78,3.64,3.66,4196199.0,15582848.0
000758,20190123,4.02,4.0,4.03,3.94,4.0,16170340.0,64424144.0
600355,20190115,3.87,3.85,4.18,3.79,4.02,46424353.0,185116514.0
603976,20190115,18.0,17.72,18.14,17.65,17.97,3909260.0,69973296.0
603663,20190115,19.6,19.85,19.85,19.12,19.62,2043617.0,39667423.0
002799,20190102,12.03,12.12,12.31,12.03,12.05,291020.0,3526401.0
300727,20190108,19.68,19.65,19.68,19.29,19.38,872466.0,16981283.0
603936,20190107,14.53,14.68,14.97,14.52,14.97,2458501.0,36446326.0
002485,20190129,7.03,6.8,6.83,6.42,6.52,14844073.0,98704014.0
600152,20190117,6.17,6.2,6.2,6.05,6.06,4390731.0,26874221.0
603859,20190108,19.46,19.46,19.5,19.01,19.15,716200.0,13760765.0
000878,20190104,7.96,7.89,8.14,7.87,8.13,7203963.0,57970998.0
300630,20190129,49.04,48.5,50.0,48.08,48.8,515759.0,25295007.0
002747,20190116,8.61,8.55,8.6,8.47,8.5,4466402.0,38026399.0
000829,20190121,5.59,5.6,5.68,5.54,5.61,5134615.0,28808603.0
002876,20190124,33.3,33.09,34.46,33.09,33.8,1004913.0,34170860.0
300615,20190110,20.69,20.29,21.05,20.01,20.89,11316383.0,232479722.0
300255,20190102,4.09,4.12,4.12,4.04,4.05,1810300.0,7364313.0
603260,20190131,47.67,47.7,47.9,46.66,46.95,2522737.0,118963902.0
002457,20190115,8.15,8.11,8.44,8.07,8.33,16557714.0,137401864.0
002386,20190102,5.35,5.37,5.39,5.29,5.29,2065572.0,11017932.0
000533,20190109,3.5,3.38,3.46,3.26,3.28,69144033.0,231924869.0
000002,20190111,25.11,25.1,25.54,25.01,25.3,24069490.0,606994703.0
600557,20190129,11.03,11.08,11.34,10.91,11.09,3680429.0,41055451.0
300259,20190118,3.17,3.17,3.21,3.06,3.12,22987896.0,71664382.0
002039,20190109,13.26,13.26,13.55,13.26,13.3,1569250.0,20996208.0
002457,20190104,7.47,7.37,7.77,7.29,7.65,9416968.0,71274027.0
300615,20190104,21.03,19.39,23.13,19.18,21.5,20823942.0,436523877.0
002778,20190121,16.8,16.76,16.95,16.76,16.9,879221.0,14821486.0
002755,20190103,12.81,12.95,12.95,12.55,12.58,2367307.0,29981576.0
000410,20190129,7.1,7.07,7.18,6.95,7.15,14670046.0,103886271.0
600785,20190121,16.78,16.83,17.06,16.71,16.8,178996.0,3026733.0
300671,20190128,17.25,17.44,17.59,16.9,16.95,2293468.0,39362627.0
601166,20190115,15.23,15.31,15.49,15.25,15.43,30373746.0,467646007.0
603659,20190118,45.66,45.96,45.96,44.36,44.91,1274840.0,57087170.0
002139,20190108,4.15,4.15,4.31,4.12,4.22,16254148.0,69006253.0
002304,20190124,98.98,99.25,99.7,97.8,99.06,2521173.0,248929815.0
300513,20190129,22.06,21.9,21.9,20.2,20.97,2792713.0,58188525.0
600086,20190122,4.12,4.09,4.1,3.9,3.91,46044069.0,183088144.0
600634,20190114,2.96,2.93,3.1,2.91,3.08,9670626.0,29435006.0
600475,20190109,8.51,8.52,8.66,8.51,8.56,865600.0,7457938.0
603518,20190109,14.9,14.6,15.13,14.6,14.82,1595200.0,23869960.0
002705,20190110,9.46,9.46,9.46,9.22,9.23,1320816.0,12287763.0
002865,20190116,21.49,21.21,21.31,20.75,20.85,5098100.0,107018662.0
300026,20190129,3.02,3.02,3.03,2.98,2.99,8487221.0,25467591.0
300626,20190110,9.02,9.05,9.05,8.7,8.8,1548331.0,13649694.0
603227,20190107,3.73,3.79,3.82,3.75,3.81,2383200.0,9029231.0
600620,20190114,5.34,5.35,5.38,5.19,5.21,2575152.0,13616108.0
300021,20190130,4.26,4.29,4.46,4.28,4.39,11104662.0,48660409.0
002048,20190118,10.59,10.59,10.78,10.55,10.71,2644426.0,28241725.0
300289,20190116,6.78,6.82,6.85,6.74,6.76,2222450.0,15122092.0
300110,20190118,3.25,3.25,3.31,3.25,3.31,14356042.0,47037335.0
600225,20190124,2.91,2.94,2.94,2.88,2.89,12287600.0,35746610.0
002208,20190130,9.86,9.8,9.99,9.73,9.73,3763006.0,37034667.0
002358,20190110,17.55,18.5,18.6,17.15,17.18,7557827.0,131521243.0
300690,20190124,17.3,17.23,17.56,17.23,17.5,717780.0,12544056.0
603678,20190129,16.3,16.27,16.3,15.3,15.83,5646760.0,88749910.0
002656,20190108,5.89,5.93,5.94,5.72,5.83,20247100.0,118120608.0
603717,20190115,9.59,9.52,9.78,9.52,9.72,3799942.0,36776466.0
000540,20190114,3.7,3.68,3.69,3.56,3.56,95616265.0,345788554.0
002480,20190125,5.27,5.26,5.26,5.14,5.14,5600011.0,29146784.0
603711,20190104,18.91,18.89,19.77,18.61,19.4,2500897.0,47871577.0
600268,20190118,4.85,4.87,4.88,4.7,4.78,11747118.0,56021043.0
000553,20190109,9.22,9.28,9.43,9.21,9.31,5278690.0,49488281.0
000868,20190111,3.86,3.83,4.08,3.8,3.98,27340949.0,108007740.0
603568,20190121,22.45,22.5,22.88,22.25,22.44,2043838.0,46179910.0
603329,20190103,15.53,15.39,15.74,15.12,15.26,1902208.0,29349085.0
601099,20190123,2.73,2.72,2.75,2.7,2.72,60836067.0,165702630.0
603803,20190111,10.97,10.89,11.3,10.7,10.81,15940201.0,174741399.0
000557,20190125,3.71,3.71,3.71,3.65,3.65,5462471.0,20074652.0
002417,20190117,8.81,8.78,8.78,8.39,8.54,11307507.0,97171160.0
601117,20190102,5.36,5.38,5.38,5.32,5.32,11685847.0,62466064.0
002820,20190121,12.7,12.65,12.83,12.65,12.67,609203.0,7765421.0
000982,20190102,1.27,1.28,1.29,1.23,1.25,7594100.0,9500110.0
002050,20190128,13.61,13.61,13.75,13.28,13.41,8277065.0,111557403.0
000810,20190114,5.99,5.99,6.02,5.87,5.93,2919711.0,17322553.0
300021,20190118,4.4,4.46,4.47,4.33,4.4,5500092.0,24203194.0
603659,20190114,45.84,45.7,45.7,43.23,44.05,1983828.0,87665580.0
300362,20190107,5.42,5.31,5.43,5.2,5.4,31212219.0,165963159.0
600769,20190118,4.23,4.26,4.26,4.2,4.24,1321900.0,5600133.0
300438,20190130,17.14,17.01,17.22,16.73,16.73,1839600.0,31234992.0
603339,20190115,15.44,15.46,15.78,15.46,15.75,1036200.0,16252371.0
600172,20190114,3.38,3.39,3.46,3.36,3.39,13010616.0,44187221.0
002555,20190124,10.58,10.65,10.73,10.4,10.53,7638053.0,80504082.0
002280,20190130,3.81,3.78,3.81,3.71,3.72,11016000.0,41472471.0
002284,20190130,4.34,4.35,4.39,4.28,4.29,1963417.0,8516875.0
300428,20190110,11.22,11.15,12.34,11.13,12.1,10192480.0,121648562.0
600409,20190129,5.87,5.87,5.88,5.65,5.76,14312786.0,82298374.0
300263,20190128,4.15,4.16,4.18,4.05,4.06,7925422.0,32417719.0
600546,20190122,3.52,3.51,3.51,3.41,3.41,7863408.0,27110284.0
300596,20190130,27.12,27.25,27.52,26.3,26.31,1080300.0,28878457.0
002045,20190114,5.0,5.0,5.0,4.88,4.91,6375232.0,31382528.0
600675,20190118,5.27,5.3,5.3,5.23,5.25,2546222.0,13351726.0
600215,20190109,7.19,7.13,7.2,7.06,7.15,1996051.0,14265989.0
002800,20190130,16.08,16.0,16.11,15.81,15.83,483600.0,7714440.0
002649,20190110,7.8,7.81,7.91,7.77,7.82,5346678.0,41886538.0
600426,20190107,11.47,11.51,11.79,11.44,11.69,18432111.0,213677005.0
002034,20190121,12.95,12.97,13.59,12.9,13.3,4149053.0,55133309.0
002441,20190103,6.7,6.65,6.8,6.6,6.62,2208034.0,14792132.0
603535,20190131,17.97,17.97,18.14,17.58,17.8,992900.0,17818867.0
603378,20190109,13.25,13.19,13.35,13.14,13.18,2053522.0,27214287.0
600675,20190111,5.49,5.5,5.52,5.45,5.47,2105537.0,11521221.0
002310,20190102,6.96,7.01,7.05,6.88,6.92,24489570.0,170407762.0
000553,20190107,9.31,9.57,9.57,9.29,9.36,3998874.0,37404418.0
002598,20190125,6.72,6.74,6.75,6.63,6.63,1155900.0,7735979.0
600692,20190108,6.68,6.65,6.71,6.61,6.67,5668062.0,37720393.0
002501,20190118,3.06,3.05,3.2,3.03,3.11,27512504.0,85992873.0
300419,20190109,5.54,5.53,5.64,5.5,5.5,3742140.0,20873070.0
000541,20190131,5.1,5.09,5.13,5.01,5.07,4768031.0,24228539.0
000596,20190121,59.18,59.32,62.28,59.3,61.62,4824132.0,295459608.0
603110,20190108,11.13,11.06,11.08,10.89,10.96,1079880.0,11847707.0
002463,20190118,8.1,8.0,8.19,7.89,8.13,54138768.0,434862081.0
300563,20190121,24.2,24.25,24.74,24.05,24.4,1093003.0,26707596.0
002896,20190122,32.69,32.7,33.38,32.6,33.3,1378618.0,45673433.0
603636,20190122,9.96,9.96,9.99,9.62,9.69,6674336.0,65200556.0
603035,20190128,12.35,12.44,12.5,12.32,12.44,1256448.0,15613082.0
002822,20190114,5.32,5.45,5.45,5.31,5.32,2667800.0,14266033.0
000677,20190109,2.73,2.72,2.77,2.71,2.73,2232881.0,6146960.0
300616,20190128,67.14,67.14,68.58,66.44,67.08,518057.0,34879726.0
300420,20190115,5.35,5.36,5.53,5.29,5.44,7581294.0,41134631.0
603976,20190114,18.21,18.0,18.34,17.59,18.0,4144007.0,73946213.0
601860,20190107,4.97,5.47,5.47,5.47,5.47,2387640.0,13060391.0
002054,20190116,6.68,6.65,6.9,6.52,6.78,35788455.0,241468589.0
002583,20190122,8.69,8.7,8.77,8.5,8.57,8267460.0,71106639.0
600865,20190108,5.72,5.73,5.73,5.68,5.71,801230.0,4570076.0
601828,20190122,11.07,11.03,11.13,10.88,10.93,4698392.0,51573008.0
300423,20190116,18.55,18.5,18.77,18.42,18.62,1082060.0,20119029.0
300370,20190115,2.92,2.94,3.08,2.93,3.04,41460971.0,125204319.0
002144,20190130,9.85,9.77,9.9,9.66,9.7,650647.0,6367228.0
300578,20190109,16.86,16.71,17.4,16.4,16.66,7933820.0,134868598.0
600513,20190110,6.22,6.22,6.28,6.18,6.24,1260695.0,7861668.0
000662,20190122,5.84,5.84,5.84,5.64,5.7,5986044.0,34227374.0
002945,20190125,8.38,9.22,9.22,9.22,9.22,2344194.0,21613468.0
601137,20190129,7.27,7.19,7.27,6.91,7.03,1562507.0,11032947.0
002863,20190114,6.64,6.64,6.66,6.56,6.58,2621042.0,17306954.0
300028,20190129,0.77,0.77,0.77,0.77,0.77,0.0,0.0
300472,20190124,13.75,13.75,13.83,13.61,13.7,441650.0,6063215.0
603689,20190124,10.66,10.6,10.72,10.6,10.68,1170500.0,12495699.0
002811,20190121,15.79,15.78,15.84,15.67,15.76,1783373.0,28094227.0
002861,20190115,20.56,20.39,20.66,19.77,20.33,1633200.0,33055581.0
000590,20190117,7.95,8.0,8.0,7.67,7.8,672797.0,5282694.0
002334,20190111,4.65,4.63,4.73,4.63,4.71,7098312.0,33228061.0
002864,20190117,30.88,30.5,30.76,30.21,30.25,714858.0,21743690.0
002231,20190128,6.62,6.66,6.77,6.34,6.43,6708201.0,43530064.0
600850,20190114,17.33,17.22,17.48,17.0,17.33,1886650.0,32605261.0
603557,20190130,6.86,6.87,6.93,6.74,6.93,2137851.0,14627955.0
300120,20190110,6.59,6.57,6.83,6.57,6.65,6164092.0,41400961.0
002501,20190107,2.99,3.0,3.1,2.98,3.08,16078474.0,49193945.0
000997,20190103,13.95,14.05,14.26,13.69,13.72,5066502.0,70678622.0
603708,20190124,21.18,21.35,21.58,21.16,21.4,2355977.0,50494977.0
300174,20190116,11.85,11.94,11.94,11.39,11.47,1552752.0,18080376.0
600273,20190114,9.42,9.44,9.6,9.09,9.13,18380172.0,170452637.0
603386,20190118,15.58,15.58,15.67,15.3,15.51,2327801.0,36061130.0
601390,20190115,7.01,7.03,7.11,7.02,7.06,28628952.0,202449711.0
000409,20190102,5.66,5.66,5.66,5.38,5.46,2166513.0,11889057.0
002318,20190123,6.47,6.45,6.59,6.41,6.58,4531876.0,29566682.0
000990,20190130,11.27,11.44,11.44,11.07,11.18,4960543.0,55974691.0
300710,20190111,23.69,23.8,24.6,23.7,24.44,2885332.0,69787834.0
002395,20190129,11.82,11.82,11.98,11.53,11.78,595201.0,7011715.0
600086,20190111,4.65,4.61,4.63,4.53,4.59,30278783.0,138559404.0
603721,20190131,16.35,16.35,16.75,16.03,16.65,2176388.0,35812861.0
300295,20190125,12.16,12.02,12.13,11.82,11.85,2938700.0,35191842.0
300457,20190117,28.86,28.86,28.96,28.33,28.64,4357098.0,124569419.0
600883,20190128,6.48,6.62,6.66,6.4,6.46,1276500.0,8331506.0
300598,20190104,20.73,20.35,21.29,20.11,21.17,2464959.0,51573305.0
603129,20190123,16.84,16.86,18.52,16.73,18.52,5828446.0,107328541.0
002020,20190116,8.58,8.57,8.67,8.51,8.63,3695185.0,31884880.0
300243,20190114,8.21,8.19,8.27,8.16,8.21,747500.0,6139640.0
000001,20190130,11.0,10.95,11.18,10.86,10.95,71200101.0,785204571.0
300568,20190111,22.28,22.21,22.65,22.17,22.6,2920956.0,65546619.0
603919,20190103,11.67,11.65,11.78,11.54,11.59,540579.0,6290291.0
600508,20190116,9.89,9.9,9.97,9.85,9.95,1437018.0,14250284.0
601677,20190108,9.12,9.12,9.33,9.12,9.2,1777730.0,16383761.0
002218,20190123,2.95,2.93,2.97,2.92,2.94,6385120.0,18793528.0
600744,20190108,2.76,2.75,2.78,2.7,2.76,3146905.0,8661600.0
603358,20190103,10.68,10.68,10.82,10.63,10.65,492176.0,5272387.0
000722,20190108,6.33,6.3,6.39,6.2,6.3,11234900.0,70502838.0
300080,20190128,6.72,6.69,6.78,6.17,6.3,40742925.0,261190701.0
300258,20190129,12.13,12.06,12.48,12.04,12.4,1350596.0,16593498.0
600262,20190128,18.36,18.87,18.87,18.02,18.23,451800.0,8375806.0
300747,20190124,125.9,125.53,127.96,125.5,125.78,1488917.0,188439465.0
600810,20190122,11.79,11.67,12.08,11.61,11.92,29680405.0,352075649.0
600661,20190118,19.94,20.0,20.22,19.87,19.99,328602.0,6569613.0
002798,20190124,14.48,14.4,14.88,14.12,14.25,7194288.0,104679900.0
002886,20190111,15.96,16.08,16.39,16.08,16.25,2689702.0,43680222.0
600826,20190110,9.84,9.84,9.92,9.74,9.78,2590601.0,25419635.0
002648,20190116,9.92,9.93,10.11,9.88,10.01,3905634.0,39095689.0
002741,20190125,14.84,14.85,15.07,14.72,14.9,2061410.0,30656758.0
002186,20190130,11.65,11.6,11.7,11.48,11.52,506200.0,5886721.0
300629,20190116,17.07,17.05,17.39,16.71,16.75,950865.0,15999256.0
000657,20190114,5.69,5.66,5.76,5.65,5.69,4024910.0,22921953.0
600724,20190124,3.4,3.41,3.42,3.38,3.4,999801.0,3392766.0
002876,20190104,30.5,29.97,31.4,29.01,30.52,896409.0,27268329.0
002384,20190116,10.37,10.37,10.45,10.0,10.12,37635783.0,382541840.0
300212,20190117,21.85,21.76,22.15,20.7,20.88,7333426.0,155974722.0
601375,20190115,4.63,4.6,4.77,4.59,4.71,36829703.0,172679944.0
000008,20190128,3.87,3.88,3.91,3.85,3.86,12266890.0,47649292.0
601066,20190128,11.2,11.55,11.97,11.19,11.44,52281476.0,604246928.0
600056,20190114,12.5,12.51,12.58,12.4,12.45,3491158.0,43536492.0
300587,20190128,17.7,17.7,18.27,17.7,17.95,511300.0,9243568.0
002060,20190102,2.72,2.71,2.74,2.71,2.72,2673200.0,7284089.0
603005,20190117,16.18,16.17,16.17,15.65,15.75,2598400.0,41244552.0
300228,20190121,5.37,5.4,5.91,5.38,5.91,25016608.0,143702687.0
603727,20190103,12.2,12.26,12.26,11.88,12.1,875941.0,10623166.0
002141,20190102,4.33,4.35,4.44,4.21,4.34,23045253.0,100545461.0
002306,20190115,3.21,3.21,3.21,3.18,3.2,1488800.0,4748373.0
002774,20190128,9.66,9.69,9.78,9.4,9.55,18494287.0,177532019.0
000156,20190116,8.61,8.61,8.66,8.53,8.55,4278361.0,36773214.0
603466,20190129,15.5,15.5,15.5,14.59,14.96,3728614.0,55791628.0
600101,20190108,6.98,7.08,7.28,6.91,6.95,3372200.0,23711734.0
300491,20190118,16.93,16.77,16.95,16.11,16.43,4010089.0,66167621.0
002474,20190103,6.26,6.24,6.45,6.22,6.28,1849155.0,11696748.0
000516,20190130,4.97,4.9,4.95,4.86,4.88,6693150.0,32862381.0
603389,20190121,10.15,10.17,10.26,10.0,10.12,5188200.0,52333525.0
603711,20190110,20.25,20.15,20.34,19.69,20.0,987799.0,19717213.0
002367,20190131,6.5,6.55,6.99,6.35,6.46,25970456.0,174208580.0
002658,20190116,7.2,7.23,7.42,7.16,7.25,3007727.0,21912200.0
603386,20190102,15.95,16.01,17.0,15.66,16.49,4414884.0,71731646.0
000078,20190117,3.23,3.24,3.26,3.18,3.2,14335089.0,45972452.0
002124,20190115,8.2,8.15,8.27,7.9,8.23,17309531.0,140740593.0
603928,20190102,14.35,14.34,14.5,14.15,14.16,963200.0,13757865.0
300420,20190116,5.44,5.48,5.55,5.4,5.43,6625690.0,36201526.0
300100,20190107,10.0,10.05,10.23,10.05,10.14,4976999.0,50463512.0
603800,20190116,11.89,11.8,11.94,11.74,11.76,1798600.0,21241791.0
002165,20190107,3.51,3.53,3.62,3.51,3.61,2904626.0,10374280.0
600597,20190102,8.36,8.4,8.41,8.17,8.26,3894366.0,32308714.0
002845,20190124,15.22,15.16,15.89,15.07,15.73,3666400.0,57364509.0
300279,20190123,4.98,4.9,5.19,4.78,5.12,19615522.0,98124572.0
000932,20190123,6.82,6.78,6.87,6.71,6.75,63255112.0,429308197.0
603103,20190110,21.87,21.79,22.45,21.71,22.11,2175012.0,48293487.0
300757,20190111,37.58,41.34,41.34,41.34,41.34,50751.0,2098046.0
000638,20190118,5.93,5.9,5.96,5.65,5.76,10062901.0,58191912.0
600429,20190123,5.17,5.18,5.22,5.15,5.17,651110.0,3379414.0
603528,20190130,5.81,5.78,5.86,5.74,5.75,1817900.0,10536358.0
600993,20190122,13.74,13.66,13.75,13.44,13.51,1623079.0,22013910.0
600084,20190115,3.0,2.98,3.09,2.94,3.06,13984111.0,42129233.0
600734,20190124,7.68,7.74,7.81,7.61,7.66,17464673.0,134462834.0
600684,20190130,3.98,3.96,4.08,3.89,3.91,10087662.0,39940970.0
002234,20190129,15.08,15.08,15.8,14.73,15.2,16951753.0,259438046.0
600724,20190125,3.4,3.41,3.41,3.35,3.36,1204900.0,4072398.0
300632,20190125,15.99,15.98,16.11,15.2,15.35,6713239.0,104321314.0
600846,20190125,7.65,7.77,7.95,7.67,7.68,25307905.0,198106426.0
300668,20190125,18.1,18.23,18.39,17.89,17.89,1361000.0,24673706.0
002185,20190109,4.14,4.18,4.55,4.13,4.45,105726923.0,470870043.0
600028,20190116,5.33,5.35,5.4,5.33,5.39,83503758.0,448360066.0
300751,20190102,119.72,120.5,128.29,119.84,125.69,1078680.0,134828113.0
603718,20190124,12.12,12.16,12.21,12.02,12.11,1518992.0,18421268.0
000585,20190103,2.03,2.03,2.06,2.01,2.02,2557300.0,5199256.0
603777,20190111,10.17,10.11,10.4,10.11,10.33,1654800.0,17030833.0
603328,20190123,9.7,9.65,9.97,9.56,9.87,3836656.0,37670691.0
600477,20190104,3.59,3.57,3.74,3.54,3.69,7767652.0,28456923.0
000592,20190124,3.09,3.1,3.25,3.09,3.17,50671786.0,161153070.0
300201,20190121,4.11,4.11,4.15,4.09,4.13,1750011.0,7222449.0
300059,20190104,11.99,11.82,12.98,11.81,12.79,207657571.0,2594592232.0
600276,20190109,53.98,54.5,56.22,54.1,55.53,19701098.0,1093435791.0
300209,20190131,10.72,10.75,10.98,10.7,10.76,1643853.0,17791321.0
000025,20190128,26.7,26.86,26.97,26.2,26.38,1625900.0,43133035.0
603315,20190114,11.57,11.64,11.64,11.47,11.5,564200.0,6515432.0
300437,20190129,13.26,13.38,13.55,13.08,13.48,2305006.0,30872849.0
002442,20190109,7.2,7.23,7.31,7.16,7.21,1912500.0,13836951.0
600870,20190125,3.2,3.24,3.24,3.19,3.23,718400.0,2312604.0
600863,20190108,2.38,2.39,2.4,2.36,2.39,12034801.0,28613386.0
600016,20190110,5.76,5.74,5.76,5.71,5.74,57191975.0,328164876.0
300622,20190102,16.59,16.62,16.65,16.33,16.44,425657.0,7008939.0
600008,20190103,3.43,3.45,3.46,3.35,3.37,15516423.0,52727998.0
000678,20190114,5.46,5.49,6.01,5.49,5.63,9330783.0,53713367.0
600458,20190103,6.9,6.93,7.06,6.79,7.02,3025877.0,21159899.0
600993,20190124,13.55,13.64,13.68,13.46,13.59,1008281.0,13697496.0
603986,20190103,59.8,59.79,60.98,59.02,59.2,3739603.0,224237190.0
601958,20190115,6.18,6.3,6.34,6.2,6.24,11038390.0,68935709.0
002856,20190111,20.44,20.55,20.77,20.42,20.77,1808592.0,37324448.0
603518,20190107,14.26,14.29,14.52,14.29,14.41,967600.0,13977274.0
300198,20190107,2.88,2.88,2.95,2.88,2.93,22145140.0,64586396.0
002242,20190121,16.18,16.25,16.6,16.08,16.16,3425046.0,56108658.0
600691,20190107,2.5,2.53,2.54,2.5,2.52,5107695.0,12868167.0
603596,20190103,22.43,22.36,22.42,20.19,20.19,6257665.0,130869851.0
603969,20190114,5.13,5.06,5.1,4.98,5.02,13930831.0,70073304.0
000533,20190114,3.06,3.1,3.18,2.98,3.06,40490358.0,124859393.0
300241,20190118,4.72,4.72,4.76,4.61,4.68,10261387.0,47982879.0
600158,20190108,9.44,9.35,9.49,9.2,9.3,18424297.0,171874234.0
002407,20190115,11.39,11.3,11.6,11.28,11.6,9621403.0,110279263.0
600868,20190104,2.86,2.84,2.92,2.84,2.91,14119890.0,40813828.0
300093,20190104,6.09,6.01,6.4,5.97,6.33,3309554.0,20600911.0
300367,20190114,9.1,9.09,9.11,8.88,8.89,8423608.0,75399231.0
002347,20190107,3.82,3.82,3.96,3.81,3.92,3289155.0,12823883.0
300330,20190107,7.15,7.2,7.36,7.13,7.29,1824565.0,13263834.0
300740,20190121,17.01,17.28,17.3,17.0,17.1,2638370.0,45253263.0
600823,20190102,3.76,3.76,3.78,3.71,3.73,3594231.0,13427063.0
002242,20190116,16.06,16.03,16.16,15.85,16.01,2236057.0,35814027.0
002470,20190129,6.9,6.95,6.95,6.69,6.85,6317037.0,42953049.0
000586,20190109,10.41,10.5,11.45,10.0,11.45,26529295.0,291103248.0
300680,20190123,17.62,17.52,18.85,17.52,18.02,2979486.0,53793523.0
603628,20190118,8.0,8.02,8.17,7.95,8.1,5582700.0,45013239.0
000815,20190104,6.69,6.6,6.93,6.56,6.85,1598574.0,10864143.0
300450,20190121,28.72,28.69,29.35,28.21,28.95,9866793.0,285502408.0
601928,20190102,7.94,7.92,8.03,7.75,7.86,10415288.0,81935754.0
300358,20190118,8.58,8.79,9.07,8.31,8.33,17283637.0,149817178.0
002659,20190115,7.17,7.15,7.24,7.02,7.18,3773141.0,26879889.0
600156,20190115,4.56,4.67,4.67,4.51,4.59,4800146.0,22085636.0
000533,20190117,3.03,3.04,3.33,3.01,3.33,52668740.0,167729643.0
300688,20190111,38.85,38.92,39.28,38.56,39.04,1088010.0,42412596.0
601929,20190131,2.06,2.05,2.09,2.05,2.06,10417018.0,21561629.0
002790,20190131,10.96,10.74,11.1,10.45,10.9,2952400.0,31547553.0
600872,20190107,27.9,28.18,29.0,28.13,28.92,3577519.0,102472635.0
600638,20190117,8.96,8.96,8.98,8.78,8.82,1132365.0,10043825.0
600741,20190117,19.26,19.21,19.58,19.12,19.31,7986483.0,154746494.0
600059,20190110,6.74,6.74,6.79,6.72,6.74,2107624.0,14240977.0
002241,20190114,7.08,7.08,7.13,7.03,7.1,12035867.0,85157373.0
300696,20190103,22.12,21.9,23.75,21.89,22.76,2163642.0,49799182.0
603716,20190123,17.21,17.16,17.22,17.0,17.2,538950.0,9232844.0
000521,20190123,3.18,3.16,3.19,3.15,3.18,8006062.0,25365542.0
300272,20190115,6.64,6.68,6.95,6.64,6.87,3517056.0,23896076.0
000738,20190103,12.13,12.19,13.12,12.14,12.67,12532540.0,159896835.0
300300,20190114,11.14,11.03,11.36,11.03,11.15,4058453.0,45301565.0
601678,20190128,4.73,4.63,4.7,4.47,4.51,20278130.0,92809438.0
000338,20190114,7.9,7.92,8.14,7.91,8.01,49467587.0,397664990.0
300499,20190128,13.87,13.8,14.05,13.74,13.77,515640.0,7176434.0
300240,20190129,6.98,6.9,6.91,6.61,6.77,2609001.0,17619344.0
600527,20190130,2.1,2.08,2.1,2.05,2.07,10414600.0,21630877.0
000712,20190123,10.01,10.03,10.08,9.82,9.9,6749876.0,66935831.0
002304,20190104,88.89,88.0,90.8,87.6,90.36,4779657.0,428317676.0
300491,20190128,15.78,15.78,16.1,15.3,15.62,2168771.0,34160023.0
300430,20190131,7.49,7.49,7.67,7.33,7.37,986574.0,7401592.0
603606,20190108,9.63,9.54,9.63,9.32,9.46,6445744.0,60962167.0
603357,20190118,19.14,19.11,19.28,18.6,18.78,5265377.0,99003407.0
002436,20190114,4.73,4.7,4.73,4.56,4.59,18408140.0,84774867.0
002368,20190109,24.2,24.24,24.63,23.91,24.08,7190935.0,174597632.0
300384,20190130,12.88,12.9,12.94,12.37,12.37,2436772.0,30765168.0
002723,20190110,9.91,10.2,10.2,9.49,9.54,12248315.0,120126584.0
002446,20190118,8.3,8.22,8.37,7.9,8.02,37015401.0,297465751.0
600086,20190125,3.54,3.23,3.38,3.19,3.23,69290015.0,225157644.0
300591,20190129,5.63,5.63,5.64,5.46,5.54,1255940.0,6969899.0
002560,20190109,5.73,5.68,5.85,5.6,5.71,20489586.0,117424763.0
002855,20190108,9.15,9.07,9.11,8.88,8.91,1596600.0,14347789.0
603506,20190117,22.52,22.45,22.51,22.01,22.01,687510.0,15313206.0
001979,20190111,17.41,17.56,17.71,17.44,17.68,10705377.0,188519422.0
600998,20190128,14.46,14.5,14.54,14.36,14.46,1721136.0,24872209.0
300639,20190125,14.3,14.33,14.38,14.23,14.33,851341.0,12189618.0
300413,20190122,34.63,35.0,35.15,34.18,34.88,3518529.0,122229763.0
300105,20190115,4.08,4.1,4.13,4.05,4.09,2589032.0,10604439.0
600731,20190107,4.39,4.43,4.57,4.43,4.52,3107500.0,14059040.0
000333,20190104,36.2,35.99,37.07,35.8,36.99,27711832.0,1012555409.0
002790,20190107,10.19,10.23,10.4,10.19,10.28,1134180.0,11698970.0
300201,20190110,4.22,4.2,4.21,4.16,4.18,3204720.0,13411185.0
300199,20190118,9.28,9.35,9.5,9.29,9.45,6260712.0,58786628.0
002492,20190121,5.62,5.6,5.65,5.59,5.61,5094454.0,28616657.0
002668,20190128,4.22,4.22,4.26,4.05,4.09,28506390.0,118501974.0
603757,20190110,19.58,19.58,19.78,19.49,19.58,802546.0,15750971.0
002824,20190115,9.18,9.14,9.35,9.12,9.32,1340057.0,12370614.0
300606,20190117,18.39,18.49,18.51,17.72,18.17,1517200.0,27463948.0
000572,20190111,2.41,2.31,2.36,2.24,2.33,56692200.0,130836455.0
600206,20190117,7.11,7.14,7.27,7.08,7.12,12256910.0,87916035.0
603618,20190117,5.49,5.49,5.51,5.37,5.39,6564048.0,35673429.0
601799,20190102,47.5,47.0,47.74,46.1,47.0,1229367.0,57408895.0
603588,20190104,7.84,7.8,7.96,7.7,7.95,3410881.0,26829714.0
600636,20190103,10.84,10.8,11.03,10.8,10.92,1097114.0,11972868.0
000528,20190114,6.18,6.19,6.33,6.15,6.24,23200217.0,144911327.0
002132,20190131,2.69,2.66,2.73,2.65,2.7,13438960.0,36188679.0
000967,20190123,5.83,5.84,5.85,5.75,5.8,1369884.0,7927397.0
600571,20190128,7.21,7.3,7.43,7.13,7.4,12993996.0,95127621.0
002332,20190130,6.08,6.06,6.14,6.01,6.04,5951500.0,36231142.0
000545,20190109,3.23,3.26,3.27,3.22,3.23,5294940.0,17196420.0
000995,20190109,4.55,4.59,4.59,4.47,4.48,5093411.0,23069260.0
002348,20190108,3.23,3.22,3.28,3.2,3.28,7353035.0,23858528.0
000301,20190104,5.35,5.35,5.4,5.29,5.39,4365380.0,23377966.0
603707,20190110,18.4,18.4,18.45,18.03,18.2,979743.0,17860607.0
600736,20190128,5.5,5.55,5.6,5.49,5.51,7209943.0,39871441.0
600732,20190109,5.12,5.38,5.38,5.38,5.38,21221.0,114169.0
600649,20190118,5.72,5.7,5.72,5.63,5.68,8745075.0,49635835.0
002049,20190123,30.69,30.57,30.69,30.21,30.46,5431417.0,165114355.0
000925,20190131,6.75,6.42,6.71,6.08,6.08,29109747.0,185616589.0
002583,20190114,8.5,8.5,8.59,8.28,8.35,8953060.0,74997334.0
300280,20190123,32.38,32.3,32.47,32.15,32.38,446600.0,14407514.0
600896,20190122,4.11,4.11,4.21,4.11,4.15,1569093.0,6539707.0
000567,20190121,11.49,11.58,11.58,11.41,11.5,2076522.0,23853625.0
300221,20190103,5.07,5.14,5.31,5.1,5.15,8296264.0,43079108.0
300169,20190104,4.82,4.79,4.99,4.76,4.88,3064400.0,14974465.0
600059,20190128,6.85,6.86,6.94,6.8,6.82,1857910.0,12778636.0
000736,20190111,7.39,7.41,7.44,7.3,7.42,1224011.0,9029794.0
300665,20190118,10.32,10.34,10.41,10.16,10.37,4341200.0,44758589.0
002315,20190117,12.48,12.41,12.48,12.27,12.3,984300.0,12175155.0
000544,20190110,5.25,5.29,5.29,5.22,5.23,2888050.0,15184382.0
300040,20190125,5.64,5.62,5.63,5.49,5.5,6719653.0,37181713.0
002522,20190109,4.99,5.02,5.05,4.93,4.93,10220200.0,51023629.0
002417,20190129,7.87,7.8,7.98,7.34,7.63,5040200.0,38562971.0
300588,20190116,12.36,12.35,13.36,12.3,12.53,10522680.0,134633637.0
600391,20190121,12.28,12.26,12.39,12.17,12.26,3177848.0,39041416.0
002261,20190114,5.04,4.95,4.96,4.69,4.85,37908829.0,183157089.0
002388,20190114,5.28,5.24,5.28,5.08,5.11,4177640.0,21558092.0
603185,20190131,54.06,53.0,53.6,51.64,51.99,4468953.0,234672161.0
600936,20190123,3.86,3.86,3.88,3.83,3.85,2624600.0,10106290.0
600642,20190115,5.08,5.07,5.12,5.07,5.12,6530922.0,33267073.0
300296,20190118,6.85,6.83,6.9,6.57,6.84,34796588.0,234635204.0
002719,20190103,10.84,10.89,11.91,10.76,11.4,10138031.0,115350566.0
601901,20190114,6.8,6.85,6.85,6.69,6.78,83299015.0,564639562.0
002923,20190107,22.6,22.63,22.98,22.52,22.88,1111791.0,25334049.0
002617,20190102,3.98,4.01,4.18,3.95,4.06,22422440.0,90999456.0
002557,20190128,20.7,20.73,20.98,20.03,20.29,7801483.0,160401310.0
300587,20190118,18.32,18.34,18.52,17.9,18.16,960800.0,17480305.0
600568,20190111,2.52,2.51,2.57,2.48,2.54,31417419.0,79527393.0
000695,20190128,9.93,9.91,10.03,9.82,9.9,692100.0,6855964.0
000876,20190118,7.59,7.65,7.76,7.57,7.75,13288473.0,101860973.0
603999,20190111,5.0,5.04,5.07,4.95,5.04,3457317.0,17328142.0
002184,20190102,9.33,9.42,9.79,9.4,9.67,6492500.0,62598386.0
000829,20190108,5.6,5.6,5.73,5.57,5.62,5906772.0,33281924.0
603037,20190122,19.21,19.12,19.26,18.92,19.0,436713.0,8345831.0
300418,20190108,13.28,13.23,13.26,13.04,13.13,3895326.0,51254765.0
000756,20190108,5.77,5.81,5.82,5.73,5.78,1682668.0,9704904.0
603966,20190124,9.07,9.1,9.44,9.0,9.4,2044573.0,18966405.0
300197,20190115,3.7,3.7,3.76,3.66,3.75,20665072.0,76502332.0
600970,20190109,5.64,5.66,5.73,5.61,5.62,14827017.0,84144107.0
300187,20190129,5.29,5.36,5.36,5.09,5.17,2201587.0,11423458.0
002691,20190114,7.65,7.61,7.68,7.49,7.63,7656972.0,57963842.0
603388,20190114,10.13,10.14,10.34,10.13,10.24,1215224.0,12427215.0
603013,20190104,17.39,17.0,17.62,16.9,17.58,3046713.0,53122520.0
600958,20190128,8.3,8.34,8.44,8.26,8.27,20912467.0,174625037.0
000586,20190117,11.94,11.79,12.21,11.6,11.72,16321482.0,194392968.0
002219,20190130,3.05,3.04,3.06,2.98,2.99,9175889.0,27670645.0
300581,20190128,13.01,13.04,13.15,12.91,13.05,1387720.0,18057411.0
300267,20190109,3.7,3.7,3.76,3.64,3.67,10799100.0,40084448.0
002175,20190123,3.34,3.31,3.34,3.26,3.3,10677686.0,35253992.0
603519,20190114,9.5,9.5,9.53,9.11,9.11,1011382.0,9393103.0
300566,20190108,13.05,13.01,13.28,12.99,13.24,995761.0,13109047.0
002139,20190102,3.92,3.94,3.95,3.89,3.92,7627887.0,29896398.0
300398,20190123,15.56,15.48,15.94,15.48,15.8,2930369.0,46144743.0
002646,20190110,11.01,11.0,11.0,10.9,10.92,721900.0,7900902.0
300045,20190122,8.29,8.25,8.35,8.08,8.16,4123200.0,33741781.0
000551,20190102,5.81,5.85,5.88,5.6,5.65,2413851.0,13868586.0
600502,20190125,3.71,3.72,3.84,3.7,3.75,10328406.0,38826239.0
000544,20190129,5.07,5.03,5.04,4.82,5.0,3851679.0,19049923.0
600570,20190117,59.1,59.2,59.94,58.11,58.16,9717558.0,573814479.0
603808,20190125,15.53,15.5,15.78,15.42,15.5,1264452.0,19739703.0
603799,20190102,30.11,30.08,30.25,29.16,29.32,16020860.0,474512021.0
603586,20190103,12.54,12.51,12.82,12.42,12.72,972600.0,12338350.0
601600,20190124,3.68,3.68,3.69,3.63,3.66,26116405.0,95657933.0
002040,20190109,8.53,8.41,8.75,8.38,8.4,5762719.0,49089064.0
603969,20190111,4.95,4.93,5.15,4.89,5.13,23903250.0,120360578.0
300020,20190131,6.32,6.24,6.39,6.23,6.33,10248154.0,64580041.0
300528,20190110,8.7,8.69,8.84,8.68,8.71,1861067.0,16322184.0
600652,20190128,3.99,4.01,4.02,3.89,3.9,7142700.0,28187883.0
000629,20190129,3.28,3.26,3.31,3.24,3.3,64427878.0,211101506.0
000060,20190117,4.11,4.11,4.18,4.07,4.11,28902953.0,119232966.0
002741,20190115,14.73,14.73,15.02,14.62,15.0,1097047.0,16304683.0
600195,20190104,10.42,10.42,10.76,10.34,10.74,2077600.0,22004508.0
603680,20190131,14.6,14.64,14.84,14.0,14.18,1232164.0,17798268.0
000922,20190103,6.69,6.63,6.74,6.61,6.66,2077512.0,13869912.0
603067,20190102,7.7,7.74,7.82,7.65,7.73,1562440.0,12060934.0
300710,20190114,24.44,24.99,24.99,23.5,23.7,1853782.0,44492022.0
603528,20190122,6.09,6.09,6.12,5.99,6.04,1941300.0,11744752.0
002553,20190124,5.8,5.8,5.82,5.72,5.79,2571200.0,14810656.0
600890,20190128,7.62,7.62,7.76,7.59,7.63,923301.0,7077300.0
002792,20190129,30.86,30.7,31.65,30.06,31.43,3612077.0,112327259.0
002866,20190129,10.75,10.79,10.79,10.18,10.31,2722462.0,28225260.0
600746,20190123,6.35,6.35,6.49,6.3,6.36,3930095.0,25099682.0
300224,20190124,6.32,6.31,6.36,6.26,6.31,2116166.0,13400980.0
002632,20190129,7.17,7.14,7.14,6.85,6.98,2522014.0,17637815.0
300001,20190104,16.96,16.95,17.61,16.7,17.48,10668765.0,184796585.0
603386,20190128,15.89,16.0,16.16,15.5,15.56,3199145.0,50418859.0
300660,20190130,19.04,19.0,19.24,18.85,18.9,500351.0,9548458.0
300520,20190115,15.06,15.03,15.54,15.03,15.54,2997340.0,46057172.0
000918,20190107,7.47,7.5,7.65,7.44,7.52,6668200.0,50072845.0
600792,20190103,2.69,2.7,2.75,2.68,2.72,2210330.0,6009513.0
000756,20190117,6.2,6.15,6.21,5.95,5.99,4483161.0,27209278.0
600595,20190131,2.35,2.12,2.15,2.12,2.12,16551382.0,35107544.0
002540,20190129,4.77,4.78,4.81,4.61,4.63,3667309.0,17155829.0
603266,20190115,14.05,13.72,14.22,13.72,14.18,580040.0,8192785.0
600137,20190117,13.4,13.37,13.62,13.25,13.33,711401.0,9596224.0
600988,20190124,4.03,4.02,4.03,3.99,4.01,11021400.0,44168224.0
603996,20190103,7.58,7.56,7.69,7.47,7.5,1892519.0,14314007.0
603738,20190108,13.46,13.25,13.69,13.15,13.37,4775345.0,63879269.0
600647,20190108,12.93,12.93,13.14,12.52,12.8,1058600.0,13455374.0
002121,20190118,5.02,4.99,5.13,4.97,5.12,6015903.0,30516687.0
601838,20190109,8.11,8.12,8.25,8.11,8.16,13894175.0,113750635.0
002535,20190117,3.49,3.49,3.54,3.44,3.44,4671369.0,16308577.0
601200,20190111,13.5,13.53,13.66,13.38,13.65,2513938.0,34058582.0
002271,20190123,14.96,14.95,15.95,14.92,15.79,27926106.0,434531935.0
002046,20190107,6.84,6.85,7.18,6.75,7.05,6122035.0,43066283.0
603038,20190130,16.39,16.23,16.6,16.23,16.27,262188.0,4305584.0
300654,20190117,14.33,14.28,15.68,14.28,15.41,4234366.0,63630044.0
601088,20190122,19.55,19.55,19.6,19.18,19.26,9608754.0,185524261.0
600388,20190118,10.44,10.48,10.51,10.34,10.41,4823401.0,50153400.0
601163,20190107,11.38,11.4,11.55,11.34,11.5,1605500.0,18442132.0
000920,20190125,5.84,5.83,6.42,5.72,6.42,11965800.0,74315016.0
000534,20190103,10.55,10.7,10.83,10.59,10.6,1123103.0,11965295.0
601519,20190122,3.55,3.56,3.56,3.49,3.5,4496725.0,15808713.0
600778,20190123,4.68,4.69,4.74,4.67,4.72,681800.0,3212005.0
603729,20190121,15.58,15.59,15.72,15.43,15.7,1095912.0,17092548.0
603993,20190108,3.89,3.9,3.9,3.85,3.85,48864480.0,189003642.0
002565,20190122,5.54,6.09,6.09,6.09,6.09,1837130.0,11188121.0
002695,20190125,10.44,10.38,10.48,10.29,10.34,2847450.0,29538025.0
002695,20190122,10.53,10.46,10.51,10.28,10.33,2640234.0,27350737.0
300070,20190102,7.8,7.9,7.96,7.62,7.64,25393407.0,197298309.0
000811,20190115,5.55,5.51,5.53,5.33,5.49,9368207.0,50911132.0
601177,20190117,8.96,8.99,9.35,8.99,9.29,3655028.0,33542301.0
000596,20190130,64.0,64.01,65.39,63.64,63.96,3827070.0,246773207.0
600212,20190131,3.62,3.61,3.68,3.45,3.52,7960600.0,28608984.0
600343,20190128,8.39,8.44,8.47,8.25,8.29,4230400.0,35332957.0
600789,20190104,7.38,7.3,7.65,7.2,7.62,16283407.0,121528643.0
300539,20190122,8.06,8.13,8.14,7.92,8.02,3025960.0,24185548.0
603393,20190129,29.6,29.55,29.89,28.55,29.01,1036500.0,30214552.0
600281,20190111,3.71,3.7,3.77,3.66,3.76,2059786.0,7670971.0
002176,20190124,6.07,6.05,6.07,5.93,5.99,27069785.0,162364197.0
603527,20190108,10.95,11.05,11.08,10.75,10.82,1663340.0,18096398.0
601886,20190108,7.32,7.31,7.42,7.21,7.3,5075674.0,37086144.0
002723,20190115,9.71,9.44,9.97,9.33,9.84,7442891.0,72064207.0
600590,20190124,5.82,5.79,5.92,5.79,5.89,3985999.0,23408726.0
300107,20190102,9.43,9.45,9.55,9.35,9.37,4419120.0,41696036.0
002341,20190102,11.88,11.86,11.87,10.69,10.69,26257370.0,286896328.0
002010,20190125,7.09,7.09,7.23,6.96,7.02,10537242.0,74741189.0
300350,20190116,6.35,6.3,6.41,6.22,6.25,6526108.0,41089194.0
300450,20190103,28.92,29.1,29.1,26.73,27.6,8906728.0,248133862.0
002836,20190128,13.01,13.3,13.92,12.5,13.4,7710876.0,102171510.0
002308,20190121,4.88,4.9,4.96,4.86,4.89,15372945.0,75187205.0
600702,20190123,24.6,24.6,24.95,24.49,24.75,9035587.0,223233746.0
603801,20190125,24.7,24.69,25.85,24.57,25.35,2664343.0,67572948.0
600057,20190117,4.29,4.28,4.3,4.21,4.22,6270910.0,26645827.0
002692,20190115,4.57,4.55,4.89,4.52,4.75,44577590.0,211435622.0
600393,20190111,2.25,2.27,2.38,2.25,2.35,44614499.0,103797142.0
002199,20190110,9.01,8.99,9.16,8.89,9.12,2832069.0,25687197.0
000595,20190131,2.93,2.91,2.96,2.8,2.82,13600622.0,39094902.0
000530,20190107,3.34,3.37,3.44,3.34,3.42,7202200.0,24439796.0
300255,20190130,4.27,4.27,4.32,4.2,4.23,2707680.0,11575044.0
600845,20190122,24.77,24.77,25.18,24.33,24.48,7363789.0,182221897.0
600728,20190108,7.12,7.12,7.29,7.08,7.09,19120144.0,136771985.0
600078,20190121,3.52,3.55,3.65,3.49,3.52,25113099.0,89326601.0
603080,20190116,20.27,20.16,20.16,19.65,19.82,3492788.0,69492711.0
600367,20190108,7.46,7.42,7.47,7.38,7.41,1361091.0,10102268.0
603628,20190124,7.96,7.99,7.99,7.65,7.83,3726200.0,29025568.0
002878,20190115,25.43,25.48,25.57,25.13,25.57,487060.0,12353877.0
300421,20190118,12.9,12.9,13.33,12.85,13.21,1235911.0,16179464.0
300729,20190124,22.38,22.39,22.6,22.31,22.46,805000.0,18086128.0
300696,20190125,22.44,22.49,22.49,22.14,22.17,674507.0,15028876.0
300285,20190104,15.36,15.3,15.95,15.11,15.9,2127305.0,33299639.0
002401,20190124,9.59,9.59,9.88,9.51,9.74,6170542.0,59895611.0
600981,20190130,3.81,3.8,3.91,3.79,3.88,5623610.0,21814834.0
000411,20190110,12.7,12.82,12.89,12.31,12.47,1630337.0,20421575.0
300399,20190110,9.16,9.01,9.34,9.01,9.18,1331780.0,12287852.0
002760,20190122,14.81,14.96,14.96,14.64,14.7,554200.0,8196479.0
300097,20190121,11.87,11.87,12.0,11.82,11.89,2441243.0,29068660.0
601218,20190118,2.47,2.47,2.51,2.46,2.5,7236200.0,17987187.0
002327,20190116,7.45,7.45,7.58,7.41,7.53,4094279.0,30808147.0
601233,20190124,11.04,11.0,11.01,10.59,10.63,33113315.0,355042379.0
603227,20190115,4.13,3.99,4.1,3.98,4.06,15647559.0,63002853.0
000703,20190123,12.83,12.65,13.16,12.63,13.0,20877496.0,271047713.0
002589,20190129,6.12,6.14,6.24,6.01,6.03,17478533.0,106631433.0
000881,20190107,7.01,7.05,7.24,7.0,7.16,9904037.0,70776302.0
600385,20190114,10.12,10.2,10.35,9.98,10.12,601856.0,6111745.0
002188,20190109,3.82,3.83,3.85,3.77,3.77,2823200.0,10734363.0
002282,20190110,8.9,8.87,9.07,8.84,8.98,2201450.0,19778018.0
002465,20190124,8.11,8.13,8.28,8.0,8.18,17608055.0,143785055.0
002049,20190125,32.13,32.16,32.78,31.54,31.66,20409296.0,655147003.0
603936,20190111,15.09,15.69,15.69,15.12,15.2,3019056.0,46303593.0
600515,20190129,4.74,4.77,4.77,4.6,4.66,5414964.0,25248672.0
600399,20190129,2.7,2.68,2.71,2.57,2.65,8313149.0,21963506.0
000010,20190102,3.26,3.25,3.31,3.25,3.28,2550433.0,8366033.0
603501,20190115,28.16,28.04,29.25,28.04,29.19,3039147.0,87510714.0
002045,20190131,4.42,4.45,4.47,4.25,4.3,6297500.0,27335915.0
002849,20190129,14.32,14.32,14.49,13.9,14.15,1042994.0,14752489.0
600877,20190111,4.61,4.59,4.64,4.56,4.63,1828490.0,8409702.0
002099,20190121,4.62,4.64,4.72,4.62,4.69,7075903.0,33046105.0
002019,20190123,10.45,10.39,10.43,10.31,10.38,5395241.0,55936325.0
000877,20190107,7.24,7.28,7.36,7.25,7.34,10569751.0,77297229.0
601599,20190131,3.08,2.99,3.14,2.93,3.09,10474100.0,32162478.0
600209,20190115,3.64,3.64,3.73,3.63,3.69,2262801.0,8358477.0
300149,20190130,15.36,15.32,15.88,15.32,15.7,4969612.0,77435251.0
002767,20190128,12.99,13.1,13.11,12.8,12.86,445550.0,5757221.0
300162,20190125,5.45,5.4,5.49,5.15,5.17,6861600.0,36277086.0
002865,20190107,20.15,20.15,20.48,20.06,20.32,5228300.0,105982527.0
600767,20190109,4.9,4.87,4.95,4.8,4.84,1702400.0,8253208.0
002342,20190128,3.46,3.42,3.48,3.34,3.38,13551513.0,46123157.0
002151,20190122,21.94,21.99,22.02,21.55,21.67,2980002.0,64731508.0
300586,20190108,10.63,10.67,10.76,10.52,10.68,2276882.0,24189158.0
002889,20190102,24.36,24.38,24.58,23.93,24.3,850300.0,20636338.0
002652,20190116,4.2,4.22,4.22,4.13,4.16,3244783.0,13517112.0
002371,20190111,41.56,41.69,42.29,41.13,41.49,4417101.0,183991011.0
603909,20190128,26.7,26.89,26.93,26.12,26.87,524800.0,13870969.0
600173,20190129,4.09,4.09,4.15,3.96,4.15,4661356.0,18973330.0
300615,20190109,22.65,21.55,22.42,20.5,20.69,16102207.0,345522807.0
300262,20190125,6.08,6.0,6.11,5.9,5.96,12930491.0,77631745.0
000680,20190131,3.24,3.26,3.27,3.18,3.18,5110828.0,16449803.0
600798,20190107,3.36,3.36,3.42,3.34,3.42,6251823.0,21115976.0
603030,20190129,5.58,5.56,5.65,5.41,5.51,2703634.0,14834333.0
603595,20190131,33.3,33.28,33.77,32.58,32.72,691351.0,22896228.0
600640,20190103,10.17,10.15,10.15,9.81,10.05,6956724.0,69570651.0
300509,20190116,12.04,12.07,12.1,11.95,11.98,308650.0,3704647.0
000799,20190111,16.16,16.15,16.3,15.98,16.24,5512531.0,88844276.0
600585,20190104,28.23,27.77,28.52,27.23,28.4,36319551.0,1014466926.0
300650,20190131,13.16,13.26,13.26,12.69,12.81,746465.0,9721552.0
002643,20190130,10.28,10.13,10.32,10.09,10.2,4293150.0,43929271.0
002440,20190117,9.09,9.08,9.09,8.98,9.01,4104659.0,37056799.0
002559,20190128,7.05,7.08,7.12,6.96,6.99,2032766.0,14286887.0
600539,20190131,6.1,6.07,6.24,6.04,6.08,793311.0,4824849.0
300309,20190117,8.84,8.79,8.82,8.27,8.34,16917493.0,143571887.0
600624,20190128,5.72,5.78,5.82,5.65,5.67,10186004.0,58445308.0
603869,20190130,15.7,15.69,15.7,15.03,15.09,1701887.0,26126967.0
002918,20190102,16.6,16.7,16.74,16.16,16.29,943040.0,15407502.0
603100,20190109,8.2,8.18,8.33,8.14,8.15,1679820.0,13824255.0
002497,20190114,6.92,6.92,7.06,6.89,6.94,13404700.0,93317048.0
300275,20190116,8.19,8.18,8.4,8.08,8.1,2139651.0,17553291.0
002864,20190103,31.4,31.4,31.75,29.98,30.02,1069581.0,32909371.0
300133,20190117,7.77,7.77,7.89,7.63,7.69,10008409.0,77929892.0
300426,20190102,6.82,6.85,6.85,6.68,6.76,1484308.0,10048525.0
600961,20190103,7.55,7.55,7.66,7.52,7.53,858051.0,6486776.0
002434,20190131,5.8,5.88,5.88,5.72,5.74,2753140.0,15974936.0
002659,20190111,7.48,7.48,7.53,7.3,7.37,4632300.0,34130388.0
002573,20190125,7.36,7.38,7.46,7.29,7.3,6124618.0,45310463.0
002666,20190107,3.95,3.99,4.05,3.94,4.05,7918468.0,31698962.0
001914,20190124,7.74,7.79,7.82,7.72,7.78,2977257.0,23146333.0
002445,20190108,1.99,1.98,2.09,1.97,2.09,44785255.0,92909188.0
002535,20190103,3.22,3.22,3.28,3.2,3.25,2794880.0,9070625.0
300653,20190128,47.0,47.58,48.17,46.84,47.1,778800.0,37005417.0
600510,20190118,6.16,6.12,6.16,6.09,6.12,733400.0,4494117.0
600305,20190114,10.9,10.9,10.95,10.65,10.68,10403500.0,111818628.0
002213,20190124,9.93,9.9,9.94,9.54,9.64,5317300.0,51457813.0
002653,20190129,9.81,9.87,10.07,9.8,10.0,1587058.0,15762999.0
002177,20190130,3.22,3.03,3.15,3.01,3.03,10910155.0,33637599.0
000831,20190111,8.74,8.74,8.88,8.74,8.81,5091077.0,44914123.0
300234,20190114,6.03,6.03,6.04,5.97,6.0,1364249.0,8174451.0
002595,20190117,15.95,15.96,16.0,15.8,15.82,440021.0,6997033.0
002075,20190102,8.03,7.99,7.99,7.23,7.23,58832822.0,437388683.0
000599,20190130,3.83,3.8,3.8,3.71,3.71,1755600.0,6568641.0
600510,20190124,6.08,6.09,6.16,6.06,6.09,1154660.0,7050080.0
002197,20190114,7.15,7.16,7.16,7.07,7.12,2731678.0,19417465.0
601166,20190124,15.5,15.56,15.73,15.53,15.66,28402018.0,444271057.0
002761,20190128,14.45,14.23,14.39,13.58,13.67,7131887.0,99965271.0
603690,20190102,15.18,15.18,15.41,14.68,14.75,2134294.0,31952449.0
002815,20190115,14.25,14.21,14.35,14.04,14.27,2929600.0,41625394.0
603332,20190129,42.21,38.0,40.39,38.0,39.27,13063849.0,508367349.0
300436,20190122,24.13,24.02,24.16,23.9,23.94,296200.0,7120021.0
300018,20190111,5.48,5.66,6.03,5.52,6.03,58595244.0,341115708.0
002198,20190130,4.96,4.92,4.95,4.81,4.82,2884698.0,14081675.0
002292,20190109,5.94,5.95,6.04,5.89,5.92,8868396.0,52945106.0
603050,20190109,13.48,13.48,13.77,13.14,13.27,8298734.0,111705356.0
300672,20190122,39.09,39.09,39.09,38.0,38.2,473831.0,18162531.0
002443,20190104,5.38,5.28,5.5,5.26,5.47,3650361.0,19765135.0
002538,20190121,5.02,5.01,5.17,4.95,5.17,19833324.0,100356847.0
600265,20190130,22.64,22.64,23.5,22.53,23.04,343488.0,7941521.0
600770,20190131,4.77,4.79,4.87,4.63,4.72,10009906.0,47659009.0
300014,20190108,16.16,16.01,17.78,15.91,17.55,45575687.0,780524877.0
603203,20190130,21.7,21.9,21.9,21.34,21.44,158208.0,3408904.0
600354,20190117,3.94,3.93,3.96,3.91,3.93,4619845.0,18180528.0
000700,20190108,3.1,3.11,3.12,3.07,3.08,2186100.0,6760854.0
603788,20190107,13.95,13.94,14.15,13.94,14.13,1608940.0,22610359.0
600319,20190123,4.79,4.73,4.78,4.65,4.74,5127814.0,24087791.0
000040,20190121,7.14,7.18,7.21,7.13,7.16,10797255.0,77488178.0
601001,20190104,4.18,4.14,4.29,4.12,4.28,5443940.0,22974948.0
002927,20190103,41.0,37.2,38.72,36.9,36.9,8803196.0,330071554.0
002501,20190129,2.77,2.75,2.76,2.56,2.64,18565253.0,49247746.0
600666,20190121,3.14,3.12,3.18,3.1,3.12,14995572.0,47077140.0
600697,20190123,18.76,18.78,19.0,18.7,18.97,655456.0,12356466.0
600824,20190103,3.37,3.39,3.42,3.35,3.36,2190309.0,7402564.0
300140,20190114,9.46,9.37,9.63,9.31,9.39,12274189.0,115873448.0
002173,20190104,7.11,7.01,7.36,6.99,7.34,2934187.0,21136648.0
600297,20190125,4.43,4.42,4.53,4.42,4.44,8950764.0,39951470.0
600547,20190116,30.4,30.21,30.4,29.19,29.82,23807488.0,706024786.0
603683,20190115,14.37,14.33,14.63,14.25,14.55,1687272.0,24472337.0
600122,20190117,3.73,3.76,3.76,3.68,3.69,15058304.0,55946977.0
000523,20190104,3.91,3.88,4.0,3.81,3.97,2660256.0,10491777.0
002748,20190128,7.4,7.49,7.53,7.32,7.36,477300.0,3539249.0
300062,20190117,5.47,5.45,5.45,5.23,5.27,5753825.0,30647986.0
300129,20190118,3.25,3.24,3.32,3.21,3.27,16251358.0,53040822.0
603689,20190125,10.68,10.72,10.8,10.72,10.74,1837327.0,19766202.0
300328,20190117,7.27,7.26,7.26,7.03,7.09,8545673.0,60793301.0
600703,20190114,11.63,11.65,11.65,11.31,11.34,15228500.0,173822099.0
002155,20190128,7.72,7.88,8.04,7.84,7.98,30328352.0,241225264.0
300542,20190125,13.83,13.79,14.06,13.69,13.7,1086362.0,15046507.0
000539,20190111,4.35,4.34,4.37,4.3,4.34,3416197.0,14773802.0
603737,20190116,38.39,38.76,39.19,38.41,38.79,380790.0,14757339.0
300128,20190116,3.75,3.75,3.76,3.65,3.67,16992392.0,62905146.0
000550,20190111,15.01,15.35,15.49,14.48,14.67,4105443.0,60447563.0
002577,20190111,10.47,10.49,10.64,10.33,10.58,2658074.0,27966198.0
002627,20190109,6.69,6.69,6.78,6.68,6.68,1706609.0,11497476.0
600075,20190125,4.85,4.84,4.85,4.73,4.74,6546640.0,31326532.0
000563,20190123,2.83,2.83,2.84,2.81,2.83,6862484.0,19391556.0
300014,20190114,16.28,16.06,16.48,16.06,16.24,8925365.0,145423615.0
002691,20190131,6.81,6.86,6.93,6.51,6.54,3869710.0,25956700.0
600337,20190115,3.96,3.94,3.97,3.93,3.96,4510412.0,17791514.0
603887,20190129,14.15,14.15,14.24,13.64,13.99,456886.0,6372254.0
002757,20190116,28.58,28.7,29.15,28.52,28.93,528000.0,15258446.0
002456,20190118,8.68,8.66,8.83,8.46,8.78,66332083.0,573246299.0
002441,20190108,6.99,7.0,7.05,6.9,6.96,2353954.0,16404507.0
000636,20190118,11.11,11.09,11.52,11.04,11.46,38081726.0,429837779.0
601595,20190102,12.23,12.19,12.3,12.03,12.19,564400.0,6861095.0
