基金代码,交易日期,单位净值,复权单位净值,累计单位净值,资产净值
007120,20210120,2.162,2.162,2.162,3282338328.05
006845,20210603,1.2599,1.2599,1.2599,2692024.53
010157,20211221,1.1338,1.1338,1.1338,137142492.09
009509,20210615,1.0196,1.0196,1.0196,58447078.05
006615,20210826,2.7303,2.7303,2.7303,1433272442.67
008982,20211011,1.0356,1.0356,1.0356,528172428.11
000488,20200110,1.0004,1.0004,1.0004,25014331.07
006799,20200902,1.0588,1.069,1.0688,108234043.15
004189,20210625,1.9158,1.3638,1.3638,29216347.19
008468,20201207,1.5227,1.5227,1.5227,117931630.09
008418,20200217,1.0481,1.0481,1.0481,364551308.14
007404,20201217,2.0166,2.0166,2.0166,120915548.51
010213,20201118,1.0242,1.0242,1.0242,8562387096.8
008347,20200515,1.1487,1.1487,1.1487,365186982.99
009564,20210915,0.854,0.854,0.854,1079097840.2
006760,20210226,1.0311,1.064,1.0641,115890407.03
920928,20210512,1.2734,1.2734,1.2734,140824581.88
008191,20201023,1.0,1.0168,0.0,1217871.98
008700,20211203,1.0618,1.0618,1.0618,439153154.37
007179,20201202,1.011,1.011,1.011,30292619.63
010305,20210113,1.0421,1.0421,1.0421,5623324997.24
008452,20201231,1.1189,1.1189,1.1189,355365264.75
008513,20211029,1.1784,1.1784,1.1784,2243881311.95
007744,20210527,1.0192,1.0192,1.0192,14677956.03
009693,20201113,1.2381,1.2381,1.2381,1720144862.34
008376,20211020,1.6015,1.6015,1.6015,92876641.4
007151,20211117,1.4339,1.4339,1.4339,88423418.51
007991,20210112,1.0241,1.0302,1.0301,13534.42
009672,20210415,1.0366,1.0366,1.0366,227546915.16
008056,20210811,1.4574,1.4574,1.4574,166672513.24
007886,20210316,1.1602,1.1602,1.1602,111484.6
008344,20201028,1.0209,1.0209,1.0209,1028323412.94
009404,20201026,1.0111,1.0111,1.0111,804534256.59
007738,20211203,1.0262,1.0682,1.068,530136353.37
007126,20200123,1.1154,1.1154,1.1154,81889164.42
009741,20210922,1.3107,1.3107,1.3107,56763997.36
006964,20200603,1.0,1.0,1.0,
008070,20210419,1.0757,1.0757,1.0757,46750801.45
005047,20211116,1.0382,0.9078,1.0382,37542665.03
007915,20210507,1.0707,1.0707,1.0707,2858080632.4
006627,20210804,1.0564,1.0997,1.0984,1028454912.56
006965,20210622,1.0788,1.0864,1.0858,597039661.02
007118,20201021,1.0518,1.0659,1.0658,2909867260.4
010034,20211025,1.1602,1.1602,1.1602,36482585.35
007651,20200702,1.1244,1.1244,1.1244,64726493.88
007960,20211227,1.8503,1.8503,1.8503,1054207.04
006881,20210208,2.5314,2.5314,2.5314,130589957.93
007210,20210812,1.0571,1.0571,1.0571,122134426.94
007427,20201207,1.0279,1.053,1.053,1051723829.23
008370,20211214,1.9282,1.9282,1.9282,1374960912.55
007506,20201222,1.2465,1.2465,1.2465,50386395.34
010338,20210414,0.9799,0.9799,0.9799,1724925355.69
009206,20210928,1.2307,1.2307,1.2307,29155129.74
008766,20210528,1.0407,1.0407,1.0407,510691366.9
900090,20211008,1.8858,1.8858,3.5924,9671526029.63
006254,20200319,1.0279,1.0279,1.0279,180072636.76
009668,20201126,1.0385,1.0385,1.0385,150022935.61
009161,20211028,1.3644,1.3644,1.3644,29950748.05
009461,20201009,1.0175,1.0175,1.0175,7439936.35
011085,20210701,0.9972,0.9972,0.9972,60.11
007816,20201201,1.3372,1.3372,1.3372,65882093.29
007875,20201118,1.2726,1.2726,1.2726,14278211.73
007266,20210824,1.1819,1.1819,1.1819,95353007.59
007863,20210907,1.5328,1.5328,1.5328,45232167.51
009047,20210125,1.7908,1.7908,1.7908,86135587.69
006235,20200818,1.5585,1.5585,1.5585,17856360.97
010202,20211216,1.3129,1.3129,1.3129,65717000.67
009559,20210531,1.0349,1.0349,1.0349,79426127.98
007015,20200227,1.0226,1.0226,1.0226,77028428.55
007867,20200814,1.0254,1.0254,1.0254,408895389.93
002598,20210528,1.5773,1.272,1.272,9373903.57
008051,20200113,1.0075,1.0075,1.0075,176622392.16
009145,20210730,1.0932,1.0932,1.0932,51956885.55
009808,20210201,1.1159,1.1159,1.1159,8457337706.7
008470,20210625,1.1308,1.1308,1.1308,118742915.15
007362,20211112,0.1579,0.1579,0.1579,122889686.23
008063,20210412,1.5632,1.5632,1.5632,6068649476.01
485118,20200731,1.0108,1.0108,1.0108,1564467503.53
009267,20210324,1.1739,1.2142,1.214,12545079.04
008472,20200916,1.002,1.016,1.0159,32249.9
008135,20210112,1.5174,1.5174,1.5174,34416094.43
005103,20210928,1.2222,1.2222,1.2222,9030308.57
008892,20201015,1.3893,1.3893,1.3893,44415348.04
009321,20210908,1.168,1.0659,1.168,2407933.34
007793,20200303,1.0231,1.0231,1.0231,168512484.58
006650,20200430,1.1031,1.1031,1.1031,180709101.88
008210,20210204,1.1134,1.1134,1.1134,559312809.3
007968,20201216,1.5555,1.5555,1.5555,1807696843.28
007848,20200219,1.2519,1.2519,1.2519,82627086.21
010771,20210713,1.0479,1.0479,1.0479,51763824.78
006946,20200727,1.0159,1.0396,1.0394,4013657912.01
008181,20210415,1.2226,1.2226,1.2226,12475974.34
007543,20210108,1.0407,1.0407,1.0407,800199.06
007824,20210602,1.0638,1.0638,1.0638,8233242900.33
006989,20210719,1.0435,1.0924,1.0908,786108653.14
900019,20210603,1.0576,1.0576,1.0576,605087604.75
009407,20211110,1.0394,1.0394,1.0394,1988531930.33
006895,20211013,1.2945,1.2945,1.2945,61931189.29
006555,20201210,1.5196,1.5196,1.5196,41675382.86
005856,20210907,3.2133,3.2133,3.2133,260108454.33
008928,20210125,1.5719,1.5719,1.5719,145085220.1
010102,20210714,0.9606,0.9606,0.9606,246173.62
007326,20200220,1.1957,1.3574,1.3514,52806232.2
006481,20200925,1.0101,1.0456,1.0449,355763359.22
007238,20211228,1.5711,1.5711,1.5711,572392812.14
003205,20210913,1.2744,1.3304,1.3221,8313831.02
007387,20200708,1.3855,1.3855,1.3855,267663831.51
010037,20210120,5.6623,5.6623,5.6623,7808854.58
009479,20211124,0.9392,0.9392,0.9392,12347737.17
007035,20210326,1.0111,1.0624,1.0615,11277652014.44
005177,20211130,1.3186,1.3799,1.3798,636260092.11
003123,20200917,1.0975,1.0975,1.0975,3693787.04
006924,20201028,1.345,1.345,1.345,15197954.57
010401,20210720,1.0287,1.0287,1.0287,1081015706.35
009182,20210611,1.0311,1.0984,1.0985,590340842.47
008662,20210325,0.9991,1.0055,1.0055,949189228.61
007449,20211104,1.9484,1.9484,1.9484,1548961783.8
007617,20210609,1.0165,1.06,1.0595,41043846.35
009686,20211026,1.5008,1.5008,1.5008,1463050370.16
007646,20210719,1.0888,1.0888,1.0888,7734.74
007085,20210714,1.1799,1.3167,1.2999,1096925474.53
008820,20210623,1.043,1.043,1.043,47138787.51
007868,20200814,102.2728,0.0001,1.0227,41837199.98
008884,20210506,0.9475,0.9475,0.9475,30784481.85
010642,20210601,1.01,1.01,1.01,1123103675.5
002447,20200313,1.0546,1.1822,1.1734,838064282.99
009538,20210330,1.0585,1.0585,1.0585,51571305.95
005839,20200914,1.0005,1.0005,1.0005,188711.35
008187,20200901,1.5192,1.5192,1.5192,146929127.73
008871,20210623,1.2048,1.2048,1.2048,99676125.59
009634,20210609,1.0588,1.0588,1.0588,107726696.87
007527,20211116,2.1282,2.1282,2.1282,33430859.1
009535,20201014,1.0052,1.0052,1.0052,11583.02
006481,20200220,1.0045,1.0337,1.0333,471480605.94
010019,20201208,1.0044,1.0044,1.0044,2035932484.1
009275,20200828,2.782,2.782,2.782,95479848.92
008804,20200916,0.9978,0.9978,0.9978,144503257.13
009616,20211008,1.0123,1.0335,1.0333,173719.11
007566,20211118,1.0092,1.0092,1.0092,1006752327.94
485118,20210913,1.0378,1.0378,1.0378,1461248006.06
009284,20201126,0.9979,0.9979,0.9979,1229742803.29
217025,20210520,1.0201,1.0201,1.0201,805390865.8
007959,20210713,1.8104,1.8104,1.8104,250881400.91
003938,20210728,1.2536,1.2836,1.2836,301316856.82
008295,20210430,1.509,1.509,1.509,263241104.47
008534,20210413,1.2805,1.2805,1.2805,139177929.66
007233,20210819,1.1577,1.2139,1.2127,344993753.62
000134,20211014,1.0118,1.0433,1.0454,7584869391.16
009330,20201016,1.1688,1.1688,1.1688,3254465516.63
009141,20210407,1.2364,1.2364,1.2364,474305140.91
006892,20210930,1.0751,1.0751,1.0751,3816446.07
008671,20210218,1.584,1.584,1.584,544307584.29
008847,20210315,1.0728,1.0728,1.0728,88775692.74
900052,20211027,1.2117,1.2117,1.2117,7308013402.23
008167,20210909,1.3915,1.3915,1.3915,138060349.31
008695,20200722,1.0064,1.0064,1.0064,101388.22
007522,20200109,1.0,1.0148,0.0,3605564.57
002274,20211126,1.11,1.2247,1.2716,526250798.73
007297,20210223,1.4477,1.4477,1.4477,339292127.79
006854,20200210,0.997,0.997,0.997,61510224.65
006939,20200921,1.652,1.652,1.652,100135470.46
007926,20210623,1.0567,1.1307,1.1299,934551.56
009005,20200924,1.1372,1.1372,1.1372,360890929.02
005890,20210830,1.1008,1.1008,1.1008,2019989774.2
010252,20210604,1.0113,1.0113,1.0113,647831.41
009118,20211227,1.0109,1.036,1.0359,4110307152.67
007637,20211104,1.0675,1.0675,1.0675,7643787.6
006800,20200922,1.054,1.0642,1.064,61747184.72
006802,20210514,1.5317,1.5317,1.5317,22645418.9
005506,20210129,1.6313,1.6313,1.6313,36715441.2
008874,20210629,1.008,1.008,1.008,35250639.02
006924,20201104,1.3709,1.3709,1.3709,15197954.57
006666,20210927,1.0186,1.0784,1.0765,195039.1
007277,20210311,1.2551,1.2551,1.2551,199117615.1
007152,20210428,1.5999,1.5999,1.5999,73554194.66
010459,20201223,1.0007,1.0007,1.0007,400001997.05
006530,20210415,1.5943,1.7698,1.7523,525035107.14
004189,20200213,1.0567,0.7522,0.7522,19181870.62
009049,20210506,1.5635,1.5635,1.5635,4464072718.41
006372,20200413,1.2412,1.2412,1.2412,122691955.4
006861,20211231,1.3066,1.3066,1.3066,2528440395.11
008343,20210402,1.1323,1.1323,1.1323,21043028.41
009185,20211119,1.0733,1.0733,1.0733,57000652.33
008518,20210204,1.2657,1.2657,1.2657,154782243.51
009714,20210916,0.9746,0.9746,0.9746,13291848903.2
008457,20210914,1.2912,1.2912,1.2912,656632414.18
008970,20201215,1.5058,1.5058,1.5058,933810170.6
008835,20211229,1.0284,1.0284,1.0284,1205776551.78
006931,20200601,0.9364,0.9364,0.9364,18360462.89
008952,20211209,1.0201,1.0424,1.0421,253405515.29
008099,20200807,1.1022,1.1022,1.1022,870405196.13
008504,20201231,1.039,1.149,1.1483,5902430.49
009002,20211228,1.0424,1.0424,1.0424,15487.75
007858,20211207,103.4687,0.0001,1.0397,10319546.45
010303,20210709,1.1306,1.1306,1.1306,218744396.24
010276,20210830,1.0573,1.0573,1.0573,147143444.81
006898,20200323,1.0583,1.0583,1.0583,213041434.79
010268,20210119,1.0419,1.0419,1.0419,269428868.24
007947,20200310,1.0079,1.0146,1.0146,31530.3
007822,20210119,0.9081,0.9081,0.9081,27829941.47
004976,20200820,1.0652,1.0652,1.0652,2150027.4
008772,20210726,1.0345,1.0345,1.0345,40.22
009477,20210628,0.9345,0.9345,0.9345,8657669.21
166110,20200721,1.2092,1.2092,1.2092,23290452.41
009644,20210301,1.3979,1.3979,1.3979,979962749.03
009589,20210810,1.0,1.0262,0.0,32339842.11
006671,20200312,1.1745,1.1745,1.1745,352599376.34
005139,20200925,1.2085,1.4985,1.4985,5432630.69
006744,20211206,1.3937,1.3937,1.3937,17481610.88
007364,20200408,1.0184,1.0315,1.0314,2765412231.86
010055,20211206,1.1749,1.1749,1.1749,17703568.22
008517,20200612,0.9999,0.9999,0.9999,999895441.91
008586,20200827,0.9672,0.9672,0.9672,97383328.45
009415,20211203,1.0527,1.0527,1.0527,238342310.03
008271,20200413,0.97,0.97,0.97,709945537.09
007340,20201110,2.4353,2.4353,2.4353,933737934.59
009471,20200629,1.0001,1.0001,1.0001,160699031.18
009598,20210224,1.1175,1.1175,1.1175,396212054.73
008045,20200511,1.0119,1.0244,1.0244,610589458.5
007377,20210915,1.1093,1.1093,1.1093,265639495.28
009622,20211229,1.0987,1.0987,1.0987,414032187.4
007028,20210127,1.3735,1.3735,1.3735,487089171.66
007075,20200508,1.1084,1.1506,1.1484,425394856.0
006869,20201222,1.0301,1.0397,1.0397,61845732.4
003952,20210219,1.0177,1.199,1.1859,1017743090.22
008639,20201228,1.049,1.049,1.049,900859788.25
008528,20210610,1.6837,1.6837,1.6837,1207874469.52
010150,20210610,2.1205,2.1205,2.1205,276021.9
007129,20200603,1.111,1.111,1.111,45368473.87
010079,20210428,1.0193,1.0193,1.0193,40180299.24
009149,20211220,1.303,1.303,1.303,13537677.19
009384,20210625,1.1926,1.1926,1.1926,98473070.36
007164,20200812,1.4251,1.4251,1.4251,14412455.86
006752,20200320,0.9241,0.9241,0.9241,30429219.62
009374,20210415,1.0843,1.0843,1.0843,52720767.88
008996,20210524,1.0056,1.0176,1.0176,1290244.67
006895,20200507,1.0553,1.0553,1.0553,45279938.79
006955,20201225,1.0042,1.0413,1.0408,48800412.27
007564,20200123,1.0032,1.0032,1.0032,210063255.79
010724,20210908,0.9744,0.9744,0.9744,326749071.3
010145,20210721,1.007,1.025,1.025,1689393389.45
008174,20210308,1.5866,1.5866,1.5866,1272901523.92
009036,20201230,1.0125,1.0125,1.0125,20655.93
008192,20210507,1.0,1.0284,0.0,1047113.34
009570,20211216,0.9316,0.9316,0.9316,12905935204.32
009345,20201106,1.0838,1.0838,1.0838,6284442688.24
009855,20210304,1.0979,1.0979,1.0979,92842405.1
010462,20210813,1.0122,1.0278,1.0277,8060336125.75
166110,20200707,1.2019,1.2019,1.2019,23290452.41
007139,20210723,2.1541,2.1541,2.1541,1646835318.75
007351,20200518,1.0315,1.0315,1.0315,1563310532.7
006383,20200508,1.0683,1.0683,1.0683,748994598.71
009565,20210819,0.8799,0.8799,0.8799,36377109.21
008821,20210527,1.0392,1.0392,1.0392,28501217.07
009862,20201118,0.9957,0.9957,0.9957,232431268.95
007465,20210812,2.2478,2.2478,2.2478,722431108.6
009687,20211214,1.7539,1.7539,1.7539,47844809.12
006960,20210331,1.0049,1.0149,1.0149,106339.02
008037,20210426,1.2828,1.2828,1.2828,48422449.33
007252,20200227,1.0163,1.0163,1.0163,10750215567.68
007023,20200910,1.0144,1.0365,1.0364,2046688585.89
003520,20211022,1.0098,1.1878,1.1748,850009139.35
006796,20211013,2.2507,2.2507,2.2507,378898712.32
007333,20200724,1.0265,1.0265,1.0265,102042847.46
007171,20210816,1.014,1.0892,1.0865,3634439714.17
007784,20200507,1.0065,1.0065,1.0065,101202864.03
008269,20210723,1.3311,1.3311,1.3311,670959587.99
009292,20210415,1.0018,1.0018,1.0018,1595405083.57
007568,20200331,1.0111,1.0242,1.0241,55730281.9
007180,20210824,1.0516,1.0786,1.0776,1623471910.81
530029,20210715,1.0216,1.0216,1.0216,8342713987.34
007941,20200602,1.0639,1.0095,1.0639,7004507.72
007923,20200206,1.0369,1.0369,1.0369,215971.72
008495,20210604,1.0233,1.0233,1.0233,1016257240.96
008173,20210907,1.0796,1.0796,1.2088,2074763941.95
008185,20211018,1.3665,1.3665,1.3665,269850858.15
006143,20201211,1.3429,1.3429,1.3429,22860338.23
010202,20210416,1.0484,1.0484,1.0484,66587188.93
009782,20210315,1.0344,1.0344,1.0344,1458880966.38
002338,20200320,1.059,1.1107,1.109,33999638.75
009477,20201016,1.0006,1.0006,1.0006,13666200.06
007777,20200326,1.1835,1.1835,1.1835,378443188.1
010030,20210420,1.0653,1.0653,1.0653,159674839.08
010375,20210602,1.0476,1.0476,1.0476,264054420.93
009571,20201022,1.0226,1.0226,1.0226,3007093265.85
008768,20211124,1.0848,1.0848,1.0848,5912143.42
519991,20201113,2.2301,4.1575,2.9877,467731212.99
008480,20210811,1.5207,1.5207,1.5207,567537125.02
010134,20210316,4.3885,4.3885,4.3885,31141938.63
007962,20200313,1.0203,1.0203,1.0203,2000212062.32
009758,20200721,1.87,1.87,1.87,1004.18
007531,20210203,1.5668,1.5668,1.5668,3020407966.27
007969,20211124,1.1255,1.2474,1.2455,156650197.29
900009,20210514,2.2353,4.2809,3.2459,822361664.71
009193,20210818,0.2795,0.2795,0.2795,131389483.99
007994,20200427,1.0296,1.0296,1.0296,708992340.49
003880,20210525,1.0045,1.0045,1.0045,56804101.89
008438,20201124,1.0104,1.0104,1.0104,207434327.47
007729,20200422,0.9364,0.9364,0.9364,130260305.2
007694,20200420,1.0017,1.0017,1.0017,1471778.3
010237,20210609,1.006,1.006,1.006,154893995.79
008409,20210618,1.0248,1.0248,1.0248,674253108.07
005177,20200122,1.0986,1.0986,1.0986,344670726.78
485020,20201026,1.0101,1.0101,1.0101,23874001.45
001932,20210430,1.2597,1.3825,1.365,731615934.9
010964,20201230,1.037,1.037,1.037,
007958,20210928,1.0278,1.0616,1.0608,2221487355.01
006857,20210909,1.1282,1.1282,1.1282,10300528.09
010051,20210615,1.0,1.0173,0.0,1852511100.95
010479,20211217,1.0131,1.0463,1.0457,4044550805.81
008708,20210929,0.1296,0.1296,0.1296,3817807.71
006754,20211201,1.0337,1.1291,1.1242,1058859484.05
007687,20200109,1.0769,1.0769,1.0769,957332.84
008884,20211028,0.8725,0.8725,0.8725,19598268.85
008482,20211020,1.0302,1.0351,1.0351,550998261.48
008331,20210531,1.0653,1.0653,1.0653,24325636.47
001750,20211123,1.1035,1.1655,1.1605,81973662.29
900008,20210604,1.1307,2.0924,1.874,945845836.62
009233,20200914,1.0286,1.0286,1.0286,106000831.0
007759,20210623,1.0207,1.0502,1.0497,4034044.86
009551,20210923,1.031,1.031,1.031,1758109438.44
007023,20200423,1.022,1.0443,1.044,2046774663.11
007329,20211101,1.0535,1.0535,1.0535,170874935.23
004031,20210210,1.0619,1.0619,1.0619,1011961136.22
007099,20201202,1.1417,1.1417,1.1417,323700270.69
006848,20201120,0.993,1.0617,1.0609,336716247.14
008257,20200914,0.9941,0.9941,0.9941,207953.97
008871,20210914,1.3055,1.3055,1.3055,73072537.28
006365,20210910,2.2122,2.2122,2.2122,213836276.18
010134,20211210,4.9798,4.9798,4.9798,69796831.91
007726,20211111,1.2389,1.2389,1.2389,6168278072.46
001351,20201110,0.951,0.951,0.951,96948305.33
008729,20210818,1.0334,1.0396,1.0394,174707762.74
007078,20211021,1.0481,1.0983,1.0956,750238391.03
006989,20200116,1.033,1.033,1.033,605509824.5
007484,20210803,2.451,2.451,2.451,644201850.24
009483,20211012,1.063,1.063,1.063,84803699.95
006336,20200421,1.1613,1.1613,1.1613,202683518.35
007687,20210615,1.2069,1.2069,1.2069,167186111.95
007251,20210310,1.082,1.082,1.082,588657903.61
008919,20200612,0.9775,0.9775,0.9775,7854678809.23
009331,20201125,1.1494,1.1494,1.1494,1002998843.18
008990,20200717,1.0128,1.0178,1.0178,3000867248.65
008150,20210309,0.9804,0.9804,0.9804,1773172557.49
010134,20201014,4.7145,4.7145,4.7145,1063772.59
010860,20211220,1.0215,1.0316,1.0315,722773.73
009012,20200924,1.2807,1.2807,1.2807,157593329.62
005926,20201216,1.2687,1.2687,1.2687,11770675.16
009806,20210430,1.073,1.073,1.073,417269445.14
009157,20201027,1.0251,1.0251,1.0251,273614742.07
008206,20201019,0.9994,0.9994,0.9994,488704951.2
009560,20210506,1.0215,1.0215,1.0215,4111316852.38
009577,20210319,1.0195,1.0195,1.0195,263396495.89
008910,20210303,1.6438,1.6438,1.6438,3585176.87
007346,20200903,2.0749,2.0749,2.0749,765345784.93
008778,20210210,1.3606,1.3606,1.3606,55902351.86
007738,20200214,1.0117,1.0135,1.0135,1015004883.15
007907,20210414,1.0101,1.0568,1.0564,50098954.06
007133,20210830,1.4617,1.4617,1.4617,29967285.73
007360,20211118,1.0103,1.0103,1.0103,796988771.06
004978,20201106,1.0937,1.1615,1.1602,225059674.27
007952,20210506,1.2464,1.2464,1.2464,438268.23
000347,20210311,1.012,1.3983,1.3456,44410996.21
900078,20210721,1.2745,1.2745,2.0178,469164766.13
008929,20210623,1.6853,1.6853,1.6853,39630972.38
005984,20201216,1.101,1.101,1.101,1107773067.97
007415,20210421,1.2534,1.2534,1.2534,902500071.93
009990,20210716,1.2602,1.2602,1.2602,2115447626.94
009846,20210303,1.1976,1.1976,1.1976,1626699134.92
007753,20211014,1.1113,1.1113,1.1113,29308158.35
001783,20210423,1.0131,1.0601,1.0592,4992331776.19
010029,20210707,1.0878,1.0878,1.0878,597650398.18
009111,20211224,1.0684,1.0684,1.0684,13002871.97
007412,20210316,1.9376,1.9376,1.9376,8245963140.63
006467,20210811,1.1242,1.1242,1.1242,84201276.75
008293,20210910,1.5804,1.5804,1.5804,1335984116.31
007246,20200623,1.0434,1.0434,1.0434,1389380794.48
007103,20200611,1.035,1.035,1.035,122251957.04
007197,20210119,1.0142,1.0589,1.0582,1705659615.28
009585,20210901,1.0167,1.038,1.0376,8082708401.18
007292,20210324,1.0333,1.0573,1.0571,816388104.97
010856,20211011,1.0266,1.0266,1.0266,1022710968.03
006907,20200629,1.0112,1.0405,1.0402,1034756349.34
007367,20200608,1.0087,1.0236,1.0237,4944757.96
160528,20211125,1.177,1.2033,1.2031,82032781.54
009051,20201223,1.0368,1.0368,1.0368,493219680.38
970003,20201223,1.0309,1.5316,1.4823,19493319.91
006233,20210909,3.1052,3.1052,3.1052,141568861.07
006845,20201117,1.1856,1.1856,1.1856,47570482.76
009637,20200814,1.0309,1.041,1.0309,1.0
007691,20210305,1.0105,1.0105,1.0105,230941087.78
008227,20210114,2.0696,2.0696,2.0696,955364519.79
009026,20211126,1.6584,1.6584,1.6584,103645360.27
007662,20201221,1.1648,1.1648,1.1648,25739305.5
008690,20201126,0.9751,0.9751,0.9751,142195343.9
006804,20201215,1.0587,1.0587,1.0587,567945124.63
008751,20210225,1.0682,1.0682,1.0682,259654001.39
007493,20200713,1.6153,1.6153,1.6153,855127465.23
000270,20211029,1.0695,1.6336,1.6336,247542610.46
008462,20200702,1.2502,1.2502,1.2502,62808401.92
005979,20210730,1.5582,1.5582,1.5582,89399329.81
008992,20211112,1.2786,1.2786,1.2786,22409.15
009586,20211017,1.0,1.0337,0.0,22791220297.27
008764,20210609,1.517,1.517,1.517,515128617.13
009655,20211202,1.0634,1.0634,1.0634,9316717.47
007455,20210820,2.2281,2.2281,2.2281,3104642140.42
006106,20211116,0.9331,0.9331,0.9331,47064776.72
006801,20200720,1.557,1.557,1.557,30803457.16
008673,20200622,1.0429,1.0429,1.0429,187730220.47
008252,20200520,1.0687,1.0687,1.0687,56018192.83
007291,20200806,1.321,1.321,1.321,203278435.3
010206,20210225,1.0397,1.0397,1.0397,204527.3
008469,20211220,1.1823,1.1823,1.1823,1784524674.79
009139,20211227,1.4371,1.4371,1.4371,511100668.21
008891,20210615,1.6977,1.6977,1.6977,332341553.41
003127,20211207,1.2493,1.2493,1.2493,515709981.75
006750,20201216,1.0106,1.0467,1.0466,8244858229.7
010293,20210226,0.967,0.967,0.967,2378542142.74
006675,20201123,1.3618,1.3618,1.3618,27943646.83
007473,20211209,1.7866,1.7866,1.7866,130063044.09
008701,20210329,0.8883,0.8883,0.8883,47986971.44
006854,20201109,0.9921,0.9921,0.9921,60294269.98
006603,20211221,1.2557,1.2557,1.2557,14700970.22
010685,20210628,5.07,5.07,5.07,177136342.05
008741,20200715,1.0086,1.0086,1.0086,126432424.66
011084,20210302,0.9949,0.9949,0.9949,10000029.97
007998,20210909,1.0148,1.0801,1.0778,199606426.99
009616,20201216,1.008,1.009,1.009,30202668.89
006631,20210625,1.0865,1.0865,1.0865,537125015.22
006713,20200206,1.3009,1.3009,1.3009,18658923.41
007714,20200803,1.0103,1.0342,1.0343,976535799.09
006148,20211116,1.1523,1.1523,1.1523,22022821.69
007776,20200914,1.3296,1.3296,1.3296,14367110.58
006878,20200102,1.1579,1.1579,1.1579,65912665.55
000270,20211209,1.1111,1.6971,1.6971,247542610.46
006883,20210903,1.5731,1.5731,1.5731,150397493.15
007507,20200717,0.9919,1.0347,1.0349,6344999062.87
006350,20210512,1.2481,1.2481,1.2481,2446700.16
009808,20211116,1.2551,1.2551,1.2551,4659072867.03
007301,20210423,1.9131,1.9131,1.9131,2957536495.92
008836,20210824,1.0693,1.0693,1.0693,239149198.99
009893,20211123,1.1335,1.1335,1.1335,56368287.18
009838,20210108,1.0003,1.0003,1.0003,12039253.61
008528,20210803,1.7012,1.7012,1.7012,1141724783.57
007676,20210728,1.0231,1.0619,1.0606,545680690.16
008938,20211105,1.0092,1.0418,1.0413,2007175088.08
009748,20210519,1.0184,1.0184,1.0184,4055717673.8
006823,20200514,1.1257,1.1257,1.1257,26033940.09
007271,20210601,1.4218,1.4218,1.4218,67086757.87
009322,20210421,1.4488,1.4488,1.4488,4173775.21
007279,20210428,1.0208,1.0484,1.0483,1355250622.54
009402,20210811,1.6427,1.6427,1.6427,2716497593.44
010063,20210305,1.0294,1.0294,1.0294,872574155.01
004632,20200603,1.0279,1.0546,1.0539,1034480124.27
009129,20200707,1.0495,1.0495,1.0495,45880428.7
009231,20211220,1.1909,1.1909,1.1909,484805405.44
008486,20211008,1.0426,1.0629,1.0621,844066614.46
008433,20200403,1.0024,1.0051,1.0051,200818961.76
006147,20200211,1.1009,1.1009,1.1009,377290919.93
005491,20211029,1.8757,1.8757,1.8757,1478222119.38
006623,20210507,1.3112,1.3112,1.3112,18386056.97
007053,20210330,1.0554,1.0554,1.0554,86553352.96
007521,20200317,1.0,1.0199,0.0,5714729.94
006523,20210108,1.732,1.732,1.732,3890770.59
005513,20201209,1.0422,1.0422,1.0422,3509312.36
009344,20200824,1.0031,1.0031,1.0031,267661.37
007134,20200409,1.0727,1.0727,1.0727,5780294.88
008266,20210429,1.0196,1.0196,1.0196,1062731879.53
006938,20200123,1.286,1.286,1.286,15576938.18
009288,20200629,0.9923,0.9923,0.9923,2438325.95
008003,20210428,1.0427,1.0427,1.0427,7501730241.2
008637,20211008,1.0337,1.0337,1.0337,526967115.74
009068,20200403,1.0,1.0,1.0,313768.27
007749,20211217,1.247,1.247,1.247,1273614700.52
007495,20210604,1.1233,1.1943,1.1933,18494.53
009534,20210827,1.05,1.05,1.05,273769635.64
002719,20200401,1.1288,1.1818,1.1788,273960296.16
000346,20200403,1.0524,1.4601,1.3918,12272894.58
008547,20200318,0.9739,0.9739,0.9739,331804381.81
010199,20210319,1.0281,1.0281,1.0281,762329372.09
007589,20200327,1.012,1.0196,1.0195,2239587262.94
161620,20200323,0.6519,0.6519,0.6519,50928684.64
009604,20200610,1.0797,1.0797,1.0797,
003123,20211201,1.1162,1.1162,1.1162,883893.91
008911,20201013,1.0005,1.0005,1.0005,70373206.31
006953,20210121,1.0141,1.0762,1.2502,4419309255.59
007694,20210420,1.1762,1.1762,1.1762,1882270.52
007815,20210518,1.3651,1.3651,1.3651,70971565.76
007180,20200310,1.0249,1.0411,1.0409,7469793404.26
008954,20210804,1.34,1.4353,1.44,3869616174.21
008736,20210923,1.0819,1.0819,1.0819,158050997.33
360019,20210903,1.0432,1.0432,1.0432,7300094594.27
006860,20200918,1.2357,1.2357,1.2357,15328870.47
009494,20201103,1.0134,1.0134,1.0134,24283130.57
970008,20210524,1.0755,1.0755,1.0755,175571450.0
010310,20211217,1.0348,1.0399,1.0398,444715.7
008617,20210531,1.0222,1.0222,1.0222,274969432.73
008305,20200213,1.71,1.71,1.71,2342.08
007854,20200903,1.6279,1.6279,1.6279,415130753.34
006905,20210513,1.9559,2.0475,2.0363,355204384.83
007569,20200212,1.1184,1.1184,1.1184,322667.84
007778,20210105,1.033,1.0373,1.0373,1655378609.86
006806,20210414,1.0161,1.0161,1.0161,1174308.22
007118,20211022,1.0543,1.0684,1.0683,100043296.73
009660,20200930,1.0084,1.0084,1.0084,1399783738.09
008941,20201110,0.9615,0.9615,0.9615,98987974.61
007966,20210511,1.4835,1.4835,1.4835,24306182.78
009358,20210610,1.0317,1.0317,1.0317,482325366.46
007720,20210629,1.0075,1.0204,1.0203,20016.61
009369,20210512,1.1792,1.1792,1.1792,47804955.89
008253,20211215,1.1688,1.1688,1.1688,75739888.73
009242,20210412,1.2443,1.2443,1.2443,185400343.11
007029,20210513,1.3621,1.3621,1.3621,222175348.79
008438,20210806,1.3445,1.174,1.3445,12940798.39
006931,20201222,0.9656,0.9656,0.9656,11945059.87
008244,20200331,0.9795,0.9795,0.9795,551398475.92
007522,20201123,1.0,1.0319,0.0,4443871.23
007102,20201105,1.0504,1.0504,1.0504,988041530.73
010105,20210514,1.0304,1.0304,1.0304,88928867.39
009223,20211015,0.8954,0.8954,0.8954,376471368.25
008986,20211206,0.8643,0.8643,0.8643,37545848.18
007931,20210414,1.0226,1.0231,1.0231,6343.85
009654,20210310,0.9916,0.9916,0.9916,68708787.63
009663,20210412,1.0873,1.0873,1.0873,80028313.24
005079,20210330,1.0479,1.0479,1.0479,212677825.05
008998,20201030,1.181,1.181,1.181,25206236.01
006499,20210708,1.0113,1.0113,1.0113,117431.73
007335,20200715,1.0088,1.0275,1.0277,386428108.62
009607,20210122,1.1468,1.1468,1.1468,186296393.36
007058,20200731,1.0369,1.0369,1.0369,28615565.52
009737,20211029,0.9887,0.9887,0.9887,1499333222.44
005103,20200423,0.9605,0.9605,0.9605,8825596.73
003980,20200924,1.5173,1.5173,1.5173,45991022.33
007528,20200115,1.1827,1.1827,1.1827,4234561.1
006530,20200422,1.1102,1.1102,1.1102,147211257.47
008870,20201026,1.0649,1.0649,1.0649,118415796.3
008908,20201231,1.2628,1.2628,1.2628,18910211.54
008284,20210714,1.8756,1.8756,1.8756,1811003910.64
008303,20201216,1.0781,1.0781,1.0781,166872936.91
004954,20200429,1.0652,1.0693,1.0692,1190601997.07
008252,20210929,1.6528,1.6528,1.6528,63928516.42
009375,20210603,1.174,1.174,1.174,43150030.15
008400,20201124,1.3142,1.3142,1.3142,78138837.8
007610,20210804,1.0648,1.1159,1.1133,261998057.37
006880,20211124,1.1907,1.1907,1.1907,22103722843.55
008710,20200713,0.9739,0.9739,0.9739,52980247.52
006986,20200422,1.0707,1.0707,1.0707,846655297.45
007956,20200527,1.0263,1.0263,1.0263,332914864.53
008282,20200915,1.478,1.478,1.478,1563674570.92
007291,20200220,1.2365,1.2365,1.2365,130857939.52
010325,20200930,1.0,1.0004,0.0,142076043.55
004976,20200123,1.0551,1.0551,1.0551,9890538.4
007396,20210602,1.0062,1.0368,1.0366,105442863.08
008448,20210318,1.026,1.026,1.026,20154182.1
007655,20200619,1.0182,1.0182,1.0182,358451478.26
008089,20200817,1.0907,1.0907,1.0907,5599118.78
010639,20211105,1.0325,1.0364,1.0363,8228846452.52
009179,20210629,1.501,1.501,1.501,68822923.03
007677,20200204,1.0096,1.0177,1.0176,6319.06
009079,20211029,1.268,1.268,1.268,28764235.9
006202,20200707,1.6712,1.6712,1.6712,84884765.42
007394,20210528,1.0254,1.0254,1.0254,365985.29
008182,20201021,1.1634,1.1634,1.1634,36043764.88
008371,20210803,1.6272,1.6272,1.6272,2639410884.06
009428,20210517,1.0668,1.0668,1.0668,671496172.81
008633,20200901,1.2409,1.2409,1.2409,414233753.97
006527,20200818,1.9155,1.9155,1.9155,18349984.69
007569,20201221,1.1357,1.2673,1.2597,55347588.84
009206,20201016,1.0207,1.0207,1.0207,122655375.18
007523,20210618,1.85,1.85,1.85,869086164.81
007942,20201119,1.0576,1.0021,1.0576,1019368.12
007075,20201023,1.1106,1.1529,1.1506,196878374.99
010210,20210601,0.9596,0.9596,0.9596,80875.9
007651,20210816,1.3304,1.3304,1.3304,96301080.97
009659,20210524,1.063,1.063,1.063,6248623635.85
009714,20201016,1.0506,1.0506,1.0506,28648001728.79
003297,20210427,1.343,1.343,1.343,135183298.61
008855,20200902,1.3563,1.3563,1.3563,1078052420.59
004954,20200623,1.0456,1.0556,1.0556,1190601997.07
007810,20211025,1.4031,1.4031,1.4031,10511250.81
008433,20210608,1.0008,1.0246,1.0244,43179950.22
008219,20210422,1.0404,1.0404,1.0404,4362992669.98
007262,20210820,1.2128,1.2128,1.2128,466218593.53
009022,20210126,1.0089,1.0089,1.0089,76114422.72
007005,20211014,2.0586,2.0586,2.0586,45574514.53
860033,20210225,1.009,1.009,1.009,3510889708.71
002412,20210705,1.1977,1.1977,1.1977,5299845.94
000673,20200820,1.042,1.0531,1.053,2054.5
009272,20200731,1.0014,1.0014,1.0014,135776725.48
007962,20200429,1.04,1.049,1.0488,3651290816.91
006536,20200312,1.0527,1.0527,1.0527,1482734.87
007687,20210506,1.1841,1.1841,1.1841,167186111.95
008889,20211206,0.9201,0.9201,0.9201,853592948.19
008034,20211008,1.2345,1.2345,1.2345,323571419.45
006501,20200429,1.013,1.013,1.013,5179214.33
007833,20210218,1.1522,1.1522,1.1522,21513001.56
009140,20200529,1.0056,1.0056,1.0056,50129511.77
006973,20210702,1.1534,1.3131,1.2994,420606425.12
007284,20210127,1.0142,1.0293,1.0292,152083056.97
007660,20200416,1.0359,1.0359,1.0359,21349554.02
009284,20210714,1.0057,1.0258,1.0257,1057924460.16
007349,20200107,1.3919,1.3919,1.3919,935689198.18
006964,20200724,1.0,1.0,1.0,
006665,20200610,1.0001,1.0442,1.0439,1921408073.93
007584,20210427,1.0374,1.0708,1.0701,1283636411.91
007262,20210412,1.1564,1.1564,1.1564,228368168.99
008778,20210907,1.558,1.558,1.558,49240977.99
007950,20201225,1.5439,1.5439,1.5439,78747937.37
006846,20210812,1.0441,1.1035,1.1012,761191922.76
008671,20210906,1.434,1.434,1.434,540251687.44
009388,20210407,1.0855,1.0855,1.0855,9861831.82
008572,20200814,0.9999,0.9999,0.9999,5004190.32
009742,20210507,1.0274,1.0337,1.0337,61252.3
007197,20200224,1.0195,1.0408,1.0405,3981198796.41
008173,20200814,1.0299,1.0299,1.1591,2081273819.42
860035,20210304,1.0226,1.0866,1.2751,1960733469.88
006336,20210121,2.0491,2.0491,2.0491,633352268.47
008634,20200511,1.1329,1.1329,1.1329,192075760.46
008819,20200807,1.2724,1.2724,1.2724,2510789770.45
168111,20210802,2.1233,2.1233,2.1233,4834596.71
009012,20211210,1.7642,1.7642,1.7642,121466361.57
010328,20211026,0.9273,0.9273,0.9273,601212196.59
007904,20211217,1.5565,1.5565,1.5565,51517758.91
008979,20210630,1.1098,1.1098,1.1098,5050428380.01
003981,20200623,1.4658,1.4658,1.4658,3250435.97
007058,20211025,1.0731,1.0731,1.0731,22935782.17
360019,20200717,1.0112,1.0112,1.0112,7102699511.32
007343,20200730,1.9198,1.9198,1.9198,858589525.61
006808,20200207,1.0182,1.0182,1.0182,924189.69
010554,20210812,0.8872,0.8872,0.8872,5527295956.18
009146,20201110,1.2088,1.2088,1.2088,53032775.54
007721,20210223,1.1712,1.1712,1.1712,24059743.65
008454,20210104,1.01,1.01,1.01,78680.02
007758,20210429,1.0191,1.0516,1.0511,2667424751.56
009112,20210303,1.0001,1.0001,1.0001,11852234.24
010401,20210108,1.0096,1.0096,1.0096,849717579.51
009469,20210510,1.1583,1.1583,1.1583,184519386.54
008563,20211209,1.12,1.12,1.12,306100609.18
004647,20201015,1.0509,1.0509,1.0509,61013094.33
008786,20201228,1.0459,1.0459,1.0459,3816270565.13
000346,20201203,1.0126,1.4676,1.3971,10294921.76
008819,20211208,1.4607,1.4607,1.4607,820857190.82
007289,20201126,1.0113,1.0383,1.0383,5116200346.18
007984,20210715,1.9558,1.9558,1.9558,64377274.63
006260,20211018,1.9587,1.9587,1.9587,261955494.59
007958,20211013,1.0282,1.062,1.0612,2230807123.77
002420,20200413,1.275,1.275,1.275,281615963.33
009876,20210618,1.3085,1.3085,1.3085,135457507.92
010402,20210422,1.0151,1.0151,1.0151,124561715.17
009653,20210319,0.9934,0.9934,0.9934,311911578.06
010394,20210420,1.0855,1.0855,1.0855,317686426.81
008602,20211109,1.2798,1.2798,1.2798,164974179.31
008840,20211129,1.2352,1.2352,1.2352,87047879.08
007853,20210408,1.2007,1.2007,1.2007,249783278.48
008778,20210208,1.3254,1.3254,1.3254,55902351.86
380011,20211222,1.0474,1.0474,1.0474,4029364076.38
007553,20211116,2.4331,2.4331,2.4331,1540855984.91
006147,20200316,1.0166,1.0166,1.0166,377290919.93
007077,20201125,1.4262,1.4262,1.4262,67914467.91
008299,20211227,1.135,1.135,1.135,181349460.25
010712,20210818,1.0458,1.0458,1.0458,225855595.02
009464,20201012,1.0003,1.0003,1.0003,50049534.15
008253,20211025,1.2564,1.2564,1.2564,75739888.73
007956,20200911,1.0289,1.0289,1.0289,401696898.51
006970,20200217,1.0166,1.0269,1.0268,507509758.88
004955,20211013,1.0497,1.0958,1.0947,6893832.01
008008,20200331,1.3061,1.4031,1.4021,36191585.79
008530,20210108,1.0273,1.0548,1.0542,123250699.86
009265,20200511,1.005,1.005,1.005,7914745729.77
007988,20201105,1.0072,1.0072,1.0072,6000006310.08
006720,20211223,2.364,2.364,2.364,11403033.62
008499,20211210,1.2899,1.2899,1.2899,507004690.96
007790,20200706,1.0203,1.0203,1.0203,312146811.47
008477,20211207,1.5366,1.6022,1.5866,249389245.67
010687,20210812,3.643,3.643,3.643,480014871.29
008347,20210224,1.6925,1.6925,1.6925,91421401.77
005177,20210721,1.3371,1.3371,1.3371,758304247.63
009198,20201015,1.0148,1.0148,1.0148,53900853.05
006881,20200731,2.1267,2.1267,2.1267,180484968.95
009341,20210408,1.1925,1.1925,1.1925,10357457523.97
008140,20210326,1.361,1.361,1.361,2789839456.4
872019,20210816,1.2278,0.9787,1.3937,226927058.29
009297,20210312,1.0861,1.0861,1.0861,807581066.86
004791,20200313,1.0644,1.0644,1.0644,15255236.7
007780,20200331,1.0246,1.0246,1.0246,11434918.13
010883,20210114,1.0,1.003,0.0,1002.05
007770,20201111,1.244,1.244,1.244,61633234.66
007870,20200828,1.0165,1.0355,1.0355,3532002158.6
010161,20211228,1.1704,1.1704,1.1704,1076709134.79
009716,20210825,1.0289,1.0289,1.0289,3234956649.67
008015,20200605,1.0079,1.0179,1.0181,4286608784.01
006854,20200619,0.9792,0.9792,0.9792,59586406.99
006932,20210706,1.0217,1.0471,1.0467,703409337.46
006533,20200205,1.2654,1.2654,1.2654,616561852.11
009623,20210928,1.0924,1.0924,1.0924,1176798364.57
008085,20210309,0.9582,0.9582,0.9582,504449163.14
007356,20210831,2.4689,2.4689,2.4689,413022731.68
166803,20200814,0.9888,0.9888,0.9888,75492120.97
007306,20200707,1.8219,1.8219,1.8219,31669750.33
005497,20201109,1.004,1.0238,1.024,200263122.92
009669,20210811,1.736,1.736,1.736,42394312.63
008710,20200224,1.0,1.0,1.0,210031191.08
007204,20210719,1.0525,1.0525,1.0525,339376401.37
007418,20210412,1.0312,1.056,1.0555,56752911.01
007265,20201126,0.9802,0.9802,0.9802,5120392.32
009992,20211029,0.9994,0.9994,0.9994,371656873.6
530030,20210517,1.0076,1.0076,1.0076,101913997.44
009659,20211227,1.0078,1.0554,1.0563,1610122551.19
010024,20210924,1.8605,1.8605,1.8605,735416164.41
007777,20210303,1.2781,1.5995,1.5698,948219133.6
007713,20201028,1.2228,1.2697,1.2728,167039267.36
007858,20200721,101.3823,0.0001,1.0188,50565562.48
900009,20200521,1.6487,3.1575,2.6593,
920921,20210315,1.3811,1.3811,1.3811,708421772.81
010174,20210423,1.0169,1.0169,1.0169,153305855.9
007371,20201116,1.02,1.0472,1.047,3520913417.37
009241,20200615,1.474,1.474,1.474,
007475,20200616,1.5275,1.5275,1.5275,51821206.77
008509,20201113,0.9996,0.9996,0.9996,309003663.02
007583,20201103,1.0378,1.0378,1.0378,116125671.14
010537,20210325,0.9179,0.9179,0.9179,202312736.49
008037,20210730,1.5178,1.5178,1.5178,35522872.32
002691,20210513,1.1303,1.1303,1.1303,33949928.78
007309,20210727,1.0799,1.1028,1.1021,12632269.57
009727,20210507,1.0535,1.0535,1.0535,33634241.34
009233,20200909,1.0254,1.0254,1.0254,106000831.0
006809,20201230,0.8248,0.8248,0.8248,28823791.9
008031,20200622,1.0026,1.0026,1.0026,510779182.97
580008,20211025,3.7033,3.7033,3.7033,255893680.31
006688,20200923,1.5455,1.5455,1.5455,155557908.78
010165,20210419,1.0247,1.0247,1.0247,7151865326.13
952004,20201211,2.6708,4.453,3.6208,5454728838.89
007066,20200604,1.1264,1.1264,1.1264,1347911387.79
006498,20201130,0.9819,0.9819,0.9819,9069.56
007958,20210715,1.0246,1.0535,1.0529,2221487355.01
007585,20210611,1.0026,1.0508,1.0501,14197627806.85
009096,20210413,1.0535,1.0535,1.0535,124792950.38
007145,20200724,1.0194,1.0508,1.0508,3209594218.51
006923,20210727,1.3825,1.3825,1.3825,42681210.68
007791,20201119,1.0243,1.0243,1.0243,70012169.19
010227,20210322,1.0084,1.0084,1.0084,1257622029.76
006901,20200709,1.0332,1.0332,1.0332,206339277.41
007531,20210127,1.6111,1.6111,1.6111,3020407966.27
009131,20210305,1.1017,1.1017,1.1017,765386478.74
008457,20200902,1.1182,1.1182,1.1182,839485879.36
007766,20200909,1.0019,1.0239,1.0239,165041.73
007386,20210115,1.4462,1.4462,1.4462,30906255.36
008989,20210811,1.8199,1.8199,1.8199,182261768.85
004929,20210319,0.9939,0.9939,0.9939,11209191.49
009315,20211111,1.0236,1.044,1.0436,6170840465.01
007416,20201023,1.1893,1.1893,1.1893,316350224.66
008957,20201116,0.9889,0.9889,0.9889,32135.27
005491,20200507,1.2061,1.2061,1.2061,18052963.78
008892,20200529,1.0256,1.0256,1.0256,64287924.97
008400,20210713,1.5566,1.5566,1.5566,71982632.32
009191,20201104,1.0012,1.008,1.008,652540238.28
010300,20210913,1.0056,1.0056,1.0056,430598130.54
007012,20200513,1.3598,1.3598,1.3598,63997525.34
007660,20200821,1.1848,1.1848,1.1848,23430347.43
007729,20201013,1.1066,1.1066,1.1066,38989415.17
006352,20210617,1.217,1.217,1.217,2279925.18
008092,20211224,1.546,1.546,1.546,132247762.16
009469,20210913,1.1387,1.1387,1.1387,189199167.63
007545,20210726,1.0708,1.0963,1.0958,1260633588.18
008382,20210625,1.2467,1.307,1.3017,836075610.93
006785,20211119,1.0182,1.0182,1.0182,4780206.9
008110,20210602,1.2752,1.2752,1.2752,127398544.57
008652,20200911,1.0019,1.0019,1.0019,870005779.61
008988,20201123,1.3294,1.3294,1.3294,274894730.45
007280,20200311,0.8664,0.8664,0.8664,142529232.56
006370,20200318,0.1978,0.1978,0.1978,80156937.29
009185,20210204,1.0727,1.0727,1.0727,201309348.57
009592,20201102,1.0047,1.0047,1.0047,206909221.24
009232,20211026,1.0937,1.1166,1.1157,442770841.46
009500,20210126,1.0014,1.0014,1.0014,233692768.47
008595,20210122,1.0021,1.0021,1.0021,499417567.05
007152,20211118,1.4439,1.4439,1.4439,58282080.16
004630,20201203,1.0092,1.0351,1.035,2487356570.74
009954,20210622,1.4159,1.4159,1.4159,85650118.12
008382,20210809,1.3462,1.4113,1.4012,654099245.01
008616,20211022,1.0,1.0,1.0,
008754,20200630,1.0727,1.0727,1.0727,309195241.83
007869,20210524,104.3537,0.0001,1.0435,61732436.77
008413,20210818,1.0612,1.0612,1.0612,32787144.03
009638,20210609,1.0434,1.0434,1.0434,258046071.14
006985,20200513,1.0308,1.0575,1.0568,1673120261.52
010406,20210316,1.0073,1.0073,1.0073,2500102362.52
008640,20200429,0.9063,0.9063,0.9063,67387018.88
008480,20210629,1.5946,1.5946,1.5946,597389905.34
007058,20201208,1.0441,1.0441,1.0441,21468058.19
008878,20200813,1.0,1.0,1.0,259999200.02
006812,20210623,1.0213,1.0416,1.0413,301367497.46
008817,20200831,1.3234,1.3234,1.3234,55885356.26
009282,20201201,0.9942,0.9942,0.9942,178019232.71
008961,20200617,0.9728,0.9728,0.9728,990550286.24
009091,20200402,1.0011,1.0011,1.0011,510300721.21
010151,20201218,1.0855,1.0855,1.0855,69603213.69
000962,20201029,1.1091,1.1091,1.1091,1493549154.29
009570,20201110,1.0612,1.0612,1.0612,26565810276.55
010642,20211025,1.0298,1.0298,1.0298,1161830693.5
007935,20210818,1.0673,1.0673,1.0673,104929182.55
008813,20210818,1.0059,1.037,1.0367,815553343.69
008771,20210107,1.0208,1.0208,1.0208,71291246.57
007197,20200707,1.0032,1.0443,1.0442,2243022155.52
008269,20200601,0.9843,0.9843,0.9843,4337212099.47
006718,20200316,1.0345,1.0345,1.0345,84092392.21
008676,20200221,1.0034,1.0034,1.0034,50744.09
008702,20210727,0.9078,0.9078,0.9078,78909715.92
007175,20210706,1.0071,1.0633,1.0626,60412433.34
004977,20201117,1.0419,1.0419,1.0419,475298.05
010401,20210806,1.0282,1.0282,1.0282,1081015706.35
006689,20200609,1.0363,1.0363,1.0363,20568052.94
540005,20211209,1.1297,1.1552,1.372,158136077.56
008568,20200622,1.0071,1.0171,1.0171,1017667743.4
008514,20210208,1.1314,1.1314,1.1314,119192424.7
008855,20200618,1.1221,1.1221,1.1221,884730056.14
006973,20210514,1.1289,1.2852,1.2749,421219797.71
008438,20210705,1.3624,1.1897,1.3624,12940798.39
202213,20200113,1.3254,1.3254,1.8898,159333364.27
161913,20200727,1.6578,1.7149,1.7023,24802800.46
009401,20210927,1.0436,1.0741,1.0736,450399757.17
006899,20210518,1.0793,1.0793,1.0793,14036621.49
009960,20210305,1.0825,1.0825,1.0825,4599650633.02
008110,20210720,1.295,1.295,1.295,126506906.15
010342,20210224,1.0282,1.0282,1.0282,818107404.61
008476,20200923,1.0156,1.0156,1.0156,179251064.84
009475,20210929,0.9796,0.9796,0.9796,398458064.43
010495,20210507,0.9103,0.9103,0.9103,435962804.48
009228,20210721,1.0043,1.0043,1.0043,30.26
009504,20210126,0.9173,0.9173,0.9173,99384178.62
007668,20210121,1.1158,1.1158,1.1158,28376614.81
007717,20201119,1.0381,1.0381,1.0381,74111.49
010177,20211125,1.0462,1.0462,1.0462,37082463.77
009875,20211202,1.1953,1.1953,1.1953,119310995.16
008681,20210901,1.2556,1.2556,1.2556,3492702380.79
005048,20200320,0.8687,0.8687,0.8687,98548.38
007569,20210521,1.0752,1.3005,1.2892,227789772.77
000126,20210309,2.4627,3.3099,2.8067,395338975.33
008385,20211214,1.0536,1.0536,1.0536,48333326.47
008418,20201209,1.4064,1.4064,1.4064,688140605.67
007385,20200205,1.0642,1.0642,1.0642,282904296.84
008418,20210524,1.4345,1.4345,1.4345,632898106.52
009665,20210203,1.192,1.192,1.192,646291424.64
006284,20201116,1.0163,1.0578,1.0573,1004983950.23
009181,20201119,1.0417,1.0417,1.0417,579227695.86
007446,20200203,1.079,1.1144,1.1138,78870835.94
006990,20200918,1.0221,1.0503,1.0501,530924324.92
008585,20210317,0.8127,0.8127,0.8127,646153715.35
006969,20201209,1.813,1.813,1.813,179161012.91
501002,20211026,1.1098,1.1098,1.1098,68093844.71
006740,20201016,1.0506,1.0506,1.0506,822470310.91
010602,20210209,1.0404,1.0404,1.0404,761145685.86
009124,20210107,1.0949,1.0949,1.0949,527195407.14
007290,20200102,1.0192,1.0192,1.0192,145450.08
007309,20201223,1.0347,1.0563,1.0565,12481544.89
008981,20210721,1.8883,1.8883,1.8883,292393868.43
006991,20210722,1.2573,1.2573,1.2573,7499909830.79
900030,20210723,1.4232,1.4232,2.4222,376083807.1
008587,20210203,1.0119,1.0119,1.0119,325825354.65
008199,20210419,1.3226,1.3226,1.3226,34305851.76
008933,20210416,1.0071,1.0071,1.0071,3692017183.43
009586,20210816,1.0,1.0296,0.0,21561633773.77
008795,20210521,1.162,1.162,1.162,219056309.15
006601,20200512,0.9951,1.0547,1.0551,118531015.06
007047,20210312,2.0804,2.1831,2.1304,415232956.6
008159,20201027,1.009,1.009,1.009,57667739.13
008899,20200617,1.0046,1.0046,1.0046,4634380.39
003163,20200811,1.0199,1.1747,1.1654,2646697770.41
007653,20200710,1.0201,1.0201,1.0201,75332566.87
009376,20211221,1.5186,1.5186,1.5186,2043422896.57
007530,20200427,1.0097,1.0097,1.0097,24556.53
010172,20210413,1.723,1.723,1.723,734126656.2
006812,20210719,1.0292,1.0497,1.0492,304831559.29
009710,20210128,1.5823,1.5823,1.5823,1107717.93
006603,20210906,1.2297,1.2297,1.2297,17498226.43
007655,20211231,1.0563,1.0766,1.0763,1713683600.46
010563,20211130,1.3061,1.3061,1.3061,181026717.3
008986,20210421,0.8875,0.8875,0.8875,46985714.55
007365,20201211,1.0052,1.0263,1.0262,468744.1
009172,20211019,1.0238,1.0238,1.0238,3460.61
006490,20211227,1.0705,1.1042,1.1025,21374.93
006005,20210426,1.1638,1.1638,1.1638,3001088.57
007046,20210805,1.2389,1.2389,1.2389,4154269.98
010006,20211217,1.038,1.038,1.038,2203779379.62
007457,20200218,1.0283,1.0283,1.0283,21343039.71
011126,20210531,2.621,2.621,2.621,52358256.65
004929,20201110,0.9982,0.9982,0.9982,12112307.19
008934,20210909,0.9912,0.9912,0.9912,1669401029.78
007393,20210802,1.3162,1.3162,1.3162,246402058.13
008648,20201216,1.0031,1.0031,1.0031,209999000.0
009339,20210830,1.0232,1.0494,1.0489,5839109.02
008978,20200901,1.5308,1.5308,1.5308,161207754.8
006868,20200430,1.3869,1.3869,1.3869,430052082.74
006881,20201118,1.876,1.876,1.876,145644384.73
006789,20200624,1.0351,1.0639,1.0631,412075550.13
008004,20200610,1.0141,1.0141,1.0141,16344.73
005914,20210714,2.5146,2.5146,2.5146,447640886.2
006632,20200811,1.0498,1.0498,1.0498,88936.3
007186,20200325,1.0274,1.0367,1.0365,4355376755.73
007180,20211101,1.0351,1.0823,1.0811,3598363539.03
003126,20210322,1.1877,1.1877,1.1877,335501335.23
007632,20211220,1.8689,1.8689,2.5909,237212996.8
006968,20201127,1.2458,1.2458,1.2458,12374542.76
006980,20200817,1.0063,1.0343,1.0343,945464740.33
009106,20201030,0.9727,0.9727,0.9727,806149.24
003205,20200414,1.0325,1.0361,1.0362,14667.64
008368,20211109,0.1447,0.1447,0.1447,23067835.16
920008,20200211,1.1615,1.8552,1.724,
005253,20211012,1.0,1.0342,0.0,41328565945.39
009033,20210108,0.9799,0.9799,0.9799,52764454.11
007995,20210412,1.5083,1.5083,1.5083,87384503.6
010986,20211206,1.0198,1.0864,1.0848,124285945.45
007730,20200119,1.0,1.0127,0.0,26461732.74
003163,20200930,1.019,1.1737,1.1645,2635861683.57
006875,20210812,1.1181,1.1181,1.1181,473723407.79
006649,20200730,1.7804,1.8337,1.8104,301730742.18
007981,20210521,1.0309,1.0309,1.0309,101561626.91
006813,20200624,1.4113,1.4113,1.4113,78715102.44
009628,20211119,1.0467,1.0467,1.0467,53980798.16
009402,20200825,1.1226,1.1226,1.1226,4790396457.84
006689,20210316,1.3425,1.3425,1.3425,64710956.02
010016,20210609,1.1221,1.1221,1.1221,1199865377.07
009846,20210722,1.1625,1.1625,1.1625,2929063541.33
005839,20210827,1.0244,1.0305,1.0304,30278.16
009052,20201119,1.0865,1.0865,1.0865,288033952.6
000030,20210721,1.7606,3.2594,3.2594,255199217.08
900008,20201013,1.2271,2.2708,1.9704,616171257.73
008695,20200713,1.0022,1.0022,1.0022,101388.22
009477,20210205,0.9504,0.9504,0.9504,13903862.43
007826,20201127,1.5934,1.5934,1.5934,81965380.2
010200,20210705,1.0014,1.0163,1.0164,19597267.37
010112,20210115,1.0571,1.0571,1.0571,4940618684.0
010565,20210226,1.0037,1.0037,1.0037,157096158.01
007343,20211118,2.6759,2.6759,2.6759,1755389550.51
007866,20201201,1.0,1.0308,0.0,142983727.24
006594,20210222,1.8328,1.9913,1.9328,130687789.2
008741,20200728,1.0125,1.0125,1.0125,126432424.66
008091,20201204,1.4173,1.4173,1.4173,79992635.1
009560,20201215,1.0062,1.0062,1.0062,4497282173.01
009139,20200713,1.1921,1.1921,1.1921,243594000.58
007179,20210623,1.0263,1.0263,1.0263,30632691.73
008291,20210907,1.3999,1.3999,1.3999,23407879.37
008244,20211021,1.7895,1.7895,1.7895,537623039.59
009939,20211223,1.3767,1.3767,1.3767,307649508.6
009803,20210902,1.1482,1.167,1.1664,372922701.65
005305,20200214,1.1039,1.1039,1.1039,208395511.94
008227,20201207,1.8028,1.8028,1.8028,800314476.18
007527,20210430,1.7926,1.7926,1.7926,74711593.74
008894,20210119,1.3059,1.3059,1.3059,49072474.72
007046,20210304,1.2735,1.2735,1.2735,2380530.39
010006,20211013,1.0271,1.0271,1.0271,2203779379.62
007053,20211216,1.1196,1.1196,1.1196,32510944.13
002458,20200217,1.1272,1.1272,1.1272,339285153.44
007316,20210607,1.3108,1.3108,1.3108,56456180.63
006167,20210809,1.9977,2.0916,2.0508,147005128.47
007953,20210705,1.0361,1.0463,1.0461,1001436058.42
008945,20210623,1.1406,1.1406,1.1406,23801680.76
006665,20201022,0.999,1.0431,1.0428,1183541716.46
007998,20210917,1.0144,1.0797,1.0774,199606426.99
009326,20200916,1.7443,1.7443,1.7443,100900325.88
009127,20210929,1.3765,1.3765,1.3765,19161870.12
009848,20210105,1.1261,1.1261,1.1261,14884740.35
000270,20200710,1.0977,1.6767,1.6767,77398662.11
007389,20210111,1.3524,1.3524,1.3524,37145169.96
000347,20210729,1.0093,1.4265,1.3659,44688995.82
007192,20211112,2.8866,2.8866,2.8866,838038845.19
007330,20210811,1.0458,1.0458,1.0458,1217972.15
009513,20210728,1.3052,1.3052,1.3052,12720999.46
008797,20210712,1.0145,1.0145,1.0145,4415.22
008988,20211022,1.8036,1.8036,1.8036,229277450.24
009885,20211228,1.2844,1.2844,1.2844,653806956.69
009225,20201009,1.1581,1.1581,1.1581,9222437.0
008655,20200710,1.2835,1.2835,1.2835,806010853.87
008122,20210916,1.0613,1.0613,1.0613,247113965.11
007115,20200709,1.1795,1.1795,1.1795,2117.75
006769,20200914,1.7303,1.7303,1.7303,277498963.64
009493,20210617,1.0086,1.0086,1.0086,207293358.94
005138,20200721,1.5052,1.5052,1.5052,952066959.0
010096,20210625,1.0535,1.0535,1.0535,65718261.51
006105,20210209,1.1714,1.1714,1.1714,39500381.33
008764,20211020,1.5698,1.5698,1.5698,2001828207.69
006752,20210407,1.5014,1.5014,1.5014,640013344.19
006862,20200520,1.1113,1.1113,1.1113,380581919.72
009210,20201019,1.2334,1.2334,1.2334,1504650432.58
008874,20200904,0.983,0.983,0.983,146266137.53
007122,20200820,1.0023,1.0316,1.0313,6702141380.11
009539,20201214,1.0792,1.0792,1.0792,3477666155.01
007291,20210112,1.7254,1.7254,1.7254,290715075.4
008267,20200807,0.9998,0.9998,0.9998,174011.89
006926,20200219,1.0992,1.0992,1.0992,48976418.6
008920,20210305,1.2502,1.2502,1.2502,37778494.93
008736,20210726,1.1619,1.1619,1.1619,158050997.33
008311,20200526,0.9991,0.9991,0.9991,1541990275.24
001783,20210115,1.0099,1.0484,1.048,4983770009.29
007259,20201228,1.0091,1.0444,1.044,12769179159.9
006673,20210623,1.0333,1.0532,1.0529,22496270.28
010407,20210602,1.1067,1.0177,1.1067,192032.64
006706,20210203,1.0165,1.0366,1.0365,213333069.3
007440,20201028,1.0312,1.0312,1.0312,210594471.72
006234,20200820,1.6991,1.6991,1.6991,51563975.88
