基金代码,基金简称,持仓日期,对应股票代码,债券名称,数量,市值,市值占基金资产净值比,第N大重仓股,所在证券市场,所属国家(地区),报告类型
006650,招商安庆债券,20191231,300568,星源转债,1815.0,225989.4,0.0013,36,深圳证券交易所,中华人民共和国,季报
006006,诺安鼎利混合C,20190930,300568,星源转债,6781.0,776260.8,0.0062,29,深圳证券交易所,中华人民共和国,季报
006467,浦银安盛双债增强债券C,20191231,300568,星源转债,4987.0,620850.0,0.003,19,深圳证券交易所,中华人民共和国,季报
007257,凯石沣混合A,20191231,300568,星源转债,23478.0,2922961.8,0.0079,3,深圳证券交易所,中华人民共和国,季报
519726,交银施罗德稳固收益债券A,20191231,300568,星源转债,5091.0,633887.85,0.0091,9,深圳证券交易所,中华人民共和国,季报
006466,浦银安盛双债增强债券A,20191231,300568,星源转债,4987.0,620850.0,0.003,19,深圳证券交易所,中华人民共和国,季报
007282,华夏鼎淳债券A,20191231,300568,星源转债,90420.0,11257252.2,0.0059,14,深圳证券交易所,中华人民共和国,年报(含半年报)
007398,兴全磐稳增利债券C,20191231,300568,星源转债,53281.0,6633533.91,0.003,31,深圳证券交易所,中华人民共和国,年报(含半年报)
007826,博道志远混合C,20191231,300568,星源转债,5000.0,620850.0,0.0015,1,深圳证券交易所,中华人民共和国,季报
008008,易方达稳健收益债券C,20191231,300568,星源转债,120978.0,15061821.0,0.001,63,深圳证券交易所,中华人民共和国,季报
007762,富国天盈债券(LOF)A,20190930,300568,星源转债,918.0,105100.8,0.0002,24,深圳证券交易所,中华人民共和国,季报
007230,兴全沪深300指数增强(LOF)C,20190930,300568,星源转债,52.0,5940.48,0.0,33,深圳证券交易所,中华人民共和国,季报
006006,诺安鼎利混合C,20190630,300568,星源转债,11082.0,1130247.65,0.0048,13,深圳证券交易所,中华人民共和国,年报(含半年报)
006005,诺安鼎利混合A,20190630,300568,星源转债,11082.0,1130247.65,0.0048,13,深圳证券交易所,中华人民共和国,季报
007099,安信尊享添益债券C,20191231,300568,星源转债,161572.0,20115664.17,0.0026,2,深圳证券交易所,中华人民共和国,季报
007230,兴全沪深300指数增强(LOF)C,20190630,300568,星源转债,52.0,5297.24,0.0,16,深圳证券交易所,中华人民共和国,年报(含半年报)
007099,安信尊享添益债券C,20190930,300568,星源转债,166833.0,19097500.8,0.0037,2,深圳证券交易所,中华人民共和国,季报
007262,东方红聚利债券A,20191231,300568,星源转债,369.0,45942.9,0.0,56,深圳证券交易所,中华人民共和国,季报
007258,凯石沣混合C,20191231,300568,星源转债,23478.0,2922961.8,0.0079,3,深圳证券交易所,中华人民共和国,季报
006006,诺安鼎利混合C,20191231,300568,星源转债,1302.0,162041.85,0.0022,34,深圳证券交易所,中华人民共和国,季报
006650,招商安庆债券,20191231,300568,星源转债,1815.0,225989.4,0.0013,36,深圳证券交易所,中华人民共和国,年报(含半年报)
006005,诺安鼎利混合A,20191231,300568,星源转债,1302.0,162041.85,0.0022,34,深圳证券交易所,中华人民共和国,季报
007258,凯石沣混合C,20191231,300568,星源转债,23478.0,2922961.8,0.0079,3,深圳证券交易所,中华人民共和国,年报(含半年报)
006466,浦银安盛双债增强债券A,20190930,300568,星源转债,4990.0,571200.0,0.0023,16,深圳证券交易所,中华人民共和国,季报
007099,安信尊享添益债券C,20190630,300568,星源转债,138487.0,14124275.5,0.0063,2,深圳证券交易所,中华人民共和国,季报
006467,浦银安盛双债增强债券C,20190930,300568,星源转债,4990.0,571200.0,0.0023,16,深圳证券交易所,中华人民共和国,季报
007255,华宝稳健养老目标一年持有期混合(FOF)A,20191231,300568,星源转债,3000.0,372510.0,0.0138,3,深圳证券交易所,中华人民共和国,季报
006005,诺安鼎利混合A,20190930,300568,星源转债,6781.0,776260.8,0.0062,29,深圳证券交易所,中华人民共和国,季报
007825,博道志远混合A,20191231,300568,星源转债,5000.0,620850.0,0.0015,1,深圳证券交易所,中华人民共和国,季报
007263,东方红聚利债券C,20191231,300568,星源转债,369.0,45942.9,0.0,56,深圳证券交易所,中华人民共和国,季报
006466,浦银安盛双债增强债券A,20191231,300568,星源转债,4987.0,620850.0,0.003,19,深圳证券交易所,中华人民共和国,年报(含半年报)
007099,安信尊享添益债券C,20190630,300568,星源转债,138487.0,14124275.5,0.0063,2,深圳证券交易所,中华人民共和国,年报(含半年报)
007099,安信尊享添益债券C,20191231,300568,星源转债,161572.0,20115664.17,0.0026,2,深圳证券交易所,中华人民共和国,年报(含半年报)
007230,兴全沪深300指数增强(LOF)C,20191231,300568,星源转债,52.0,6456.84,0.0,46,深圳证券交易所,中华人民共和国,年报(含半年报)
519726,交银施罗德稳固收益债券A,20191231,300568,星源转债,5091.0,633887.85,0.0091,9,深圳证券交易所,中华人民共和国,年报(含半年报)
006005,诺安鼎利混合A,20191231,300568,星源转债,1302.0,162041.85,0.0022,34,深圳证券交易所,中华人民共和国,年报(含半年报)
006006,诺安鼎利混合C,20191231,300568,星源转债,1302.0,162041.85,0.0022,34,深圳证券交易所,中华人民共和国,年报(含半年报)
007398,兴全磐稳增利债券C,20191231,300568,星源转债,53281.0,6633533.91,0.003,31,深圳证券交易所,中华人民共和国,季报
007230,兴全沪深300指数增强(LOF)C,20190630,300568,星源转债,52.0,5297.24,0.0,16,深圳证券交易所,中华人民共和国,季报
007282,华夏鼎淳债券A,20191231,300568,星源转债,90420.0,11257252.2,0.0059,14,深圳证券交易所,中华人民共和国,季报
006005,诺安鼎利混合A,20190630,300568,星源转债,11082.0,1130247.65,0.0048,13,深圳证券交易所,中华人民共和国,年报(含半年报)
007826,博道志远混合C,20191231,300568,星源转债,5000.0,620850.0,0.0015,1,深圳证券交易所,中华人民共和国,年报(含半年报)
007255,华宝稳健养老目标一年持有期混合(FOF)A,20191231,300568,星源转债,3000.0,372510.0,0.0138,3,深圳证券交易所,中华人民共和国,年报(含半年报)
006467,浦银安盛双债增强债券C,20191231,300568,星源转债,4987.0,620850.0,0.003,19,深圳证券交易所,中华人民共和国,年报(含半年报)
007263,东方红聚利债券C,20191231,300568,星源转债,369.0,45942.9,0.0,56,深圳证券交易所,中华人民共和国,年报(含半年报)
008008,易方达稳健收益债券C,20191231,300568,星源转债,120978.0,15061821.0,0.001,63,深圳证券交易所,中华人民共和国,年报(含半年报)
007825,博道志远混合A,20191231,300568,星源转债,5000.0,620850.0,0.0015,1,深圳证券交易所,中华人民共和国,年报(含半年报)
006006,诺安鼎利混合C,20190630,300568,星源转债,11082.0,1130247.65,0.0048,13,深圳证券交易所,中华人民共和国,季报
007230,兴全沪深300指数增强(LOF)C,20191231,300568,星源转债,52.0,6456.84,0.0,46,深圳证券交易所,中华人民共和国,季报
519937,长信先锐混合A,20190331,300568,星源转债,550.0,62848.5,0.0041,2,深圳证券交易所,中华人民共和国,季报
007257,凯石沣混合A,20191231,300568,星源转债,23478.0,2922961.8,0.0079,3,深圳证券交易所,中华人民共和国,年报(含半年报)
007283,华夏鼎淳债券C,20191231,300568,星源转债,90420.0,11257252.2,0.0059,14,深圳证券交易所,中华人民共和国,年报(含半年报)
007262,东方红聚利债券A,20191231,300568,星源转债,369.0,45942.9,0.0,56,深圳证券交易所,中华人民共和国,年报(含半年报)
007283,华夏鼎淳债券C,20191231,300568,星源转债,90420.0,11257252.2,0.0059,14,深圳证券交易所,中华人民共和国,季报
009131,鹏扬景恒六个月持有期混合C,20201231,002616,长集转债,29927.0,3222040.56,0.0012,8,深圳证券交易所,中华人民共和国,年报(含半年报)
511380,博时中证可转债及可交换债券ETF,20211231,002616,长集转债,5671.0,635111.08,0.001,156,深圳证券交易所,中华人民共和国,年报(含半年报)
007669,太平睿盈混合C,20210630,002616,长集转债,2997.0,325020.0,0.0005,35,深圳证券交易所,中华人民共和国,年报(含半年报)
006467,浦银安盛双债增强债券C,20210930,002616,长集转债,4990.0,573300.0,0.0009,54,深圳证券交易所,中华人民共和国,季报
511380,博时中证可转债及可交换债券ETF,20210630,002616,长集转债,7124.0,772575.23,0.0011,130,深圳证券交易所,中华人民共和国,季报
010600,光大保德信安瑞一年持有期债券A,20210930,002616,长集转债,59189.0,6800255.28,0.003,6,深圳证券交易所,中华人民共和国,季报
008610,海富通添鑫收益债券C,20211231,002616,长集转债,309.0,34611.5,0.0008,34,深圳证券交易所,中华人民共和国,年报(含半年报)
009350,新疆前海联合添泽债券C,20211231,002616,长集转债,16947.0,1898050.0,0.0011,28,深圳证券交易所,中华人民共和国,年报(含半年报)
511380,博时中证可转债及可交换债券ETF,20201231,002616,长集转债,12589.0,1355331.51,0.0013,104,深圳证券交易所,中华人民共和国,季报
009350,新疆前海联合添泽债券C,20210930,002616,长集转债,5489.0,630630.0,0.0004,51,深圳证券交易所,中华人民共和国,季报
009735,天弘增强回报债券E,20211231,002616,长集转债,222293.0,24896833.5,0.0012,40,深圳证券交易所,中华人民共和国,季报
920007,中金恒瑞债券A,20210331,002616,长集转债,68176.0,7272056.1,0.0328,1,深圳证券交易所,中华人民共和国,季报
006466,浦银安盛双债增强债券A,20211231,002616,长集转债,29906.0,3349500.0,0.0018,24,深圳证券交易所,中华人民共和国,年报(含半年报)
009182,浙商智多兴稳健回报一年持有期混合C,20201231,002616,长集转债,10288.0,1107582.68,0.0009,16,深圳证券交易所,中华人民共和国,年报(含半年报)
007762,富国天盈债券(LOF)A,20211231,002616,长集转债,7685.0,860709.85,0.0002,37,深圳证券交易所,中华人民共和国,季报
007128,天弘增强回报债券A,20210930,002616,长集转债,112764.0,12955433.4,0.0016,23,深圳证券交易所,中华人民共和国,季报
009350,新疆前海联合添泽债券C,20210630,002616,长集转债,3996.0,433360.0,0.0004,24,深圳证券交易所,中华人民共和国,年报(含半年报)
009610,天弘永利债券C,20211231,002616,长集转债,13159.0,1473780.0,0.0001,65,深圳证券交易所,中华人民共和国,季报
009181,浙商智多兴稳健回报一年持有期混合A,20201231,002616,长集转债,10288.0,1107582.68,0.0009,16,深圳证券交易所,中华人民共和国,年报(含半年报)
007129,天弘增强回报债券C,20211231,002616,长集转债,222293.0,24896833.5,0.0012,40,深圳证券交易所,中华人民共和国,季报
007497,中庚价值灵动灵活配置混合,20201231,002616,长集转债,54163.0,5831300.4,0.0027,21,深圳证券交易所,中华人民共和国,年报(含半年报)
970008,华安证券汇赢增利一年持有期灵活配置混合C,20211231,002616,长集转债,284540.0,31868515.26,0.0202,4,深圳证券交易所,中华人民共和国,年报(含半年报)
009182,浙商智多兴稳健回报一年持有期混合C,20201231,002616,长集转债,10288.0,1107582.68,0.0009,16,深圳证券交易所,中华人民共和国,季报
007129,天弘增强回报债券C,20211231,002616,长集转债,222293.0,24896833.5,0.0012,40,深圳证券交易所,中华人民共和国,年报(含半年报)
009349,新疆前海联合添泽债券A,20210630,002616,长集转债,3996.0,433360.0,0.0004,24,深圳证券交易所,中华人民共和国,季报
007762,富国天盈债券(LOF)A,20201231,002616,长集转债,70747.0,7616787.0,0.0048,5,深圳证券交易所,中华人民共和国,年报(含半年报)
009181,浙商智多兴稳健回报一年持有期混合A,20201231,002616,长集转债,10288.0,1107582.68,0.0009,16,深圳证券交易所,中华人民共和国,季报
970006,华安证券汇赢增利一年持有期灵活配置混合A,20210930,002616,长集转债,285660.0,32737207.32,0.0256,1,深圳证券交易所,中华人民共和国,季报
006467,浦银安盛双债增强债券C,20211231,002616,长集转债,29906.0,3349500.0,0.0018,24,深圳证券交易所,中华人民共和国,季报
010600,光大保德信安瑞一年持有期债券A,20210630,002616,长集转债,59939.0,6500400.0,0.0029,10,深圳证券交易所,中华人民共和国,季报
009610,天弘永利债券C,20210930,002616,长集转债,51616.0,5930215.2,0.0002,53,深圳证券交易所,中华人民共和国,季报
006973,太平睿盈混合A,20210630,002616,长集转债,2997.0,325020.0,0.0005,35,深圳证券交易所,中华人民共和国,季报
007497,中庚价值灵动灵活配置混合,20201231,002616,长集转债,54163.0,5831300.4,0.0027,21,深圳证券交易所,中华人民共和国,季报
511380,博时中证可转债及可交换债券ETF,20210630,002616,长集转债,7124.0,772575.23,0.0011,130,深圳证券交易所,中华人民共和国,年报(含半年报)
008302,永赢易弘债券A,20201231,002616,长集转债,19957.0,2148600.0,0.0038,7,深圳证券交易所,中华人民共和国,年报(含半年报)
007762,富国天盈债券(LOF)A,20201231,002616,长集转债,70747.0,7616787.0,0.0048,5,深圳证券交易所,中华人民共和国,季报
002714,鹏华金城灵活配置混合,20211231,002616,长集转债,30694.0,3437703.5,0.0045,3,深圳证券交易所,中华人民共和国,年报(含半年报)
007762,富国天盈债券(LOF)A,20210630,002616,长集转债,8123.0,880912.54,0.0007,56,深圳证券交易所,中华人民共和国,年报(含半年报)
009121,广发招享混合A,20211231,002616,长集转债,50742.0,5683096.65,0.0012,14,深圳证券交易所,中华人民共和国,季报
009121,广发招享混合A,20211231,002616,长集转债,50742.0,5683096.65,0.0012,14,深圳证券交易所,中华人民共和国,年报(含半年报)
010871,中银信用增利债券(LOF)C,20201231,002616,长集转债,40365.0,4345758.36,0.0018,16,深圳证券交易所,中华人民共和国,年报(含半年报)
010435,富国双债增强债券A,20210630,002616,长集转债,5626.0,610170.88,0.0015,47,深圳证券交易所,中华人民共和国,季报
007683,华商转债精选债券A,20211231,002616,长集转债,1166.0,130630.5,0.0021,90,深圳证券交易所,中华人民共和国,年报(含半年报)
007669,太平睿盈混合C,20211231,002616,长集转债,2991.0,334950.0,0.0004,45,深圳证券交易所,中华人民共和国,季报
007762,富国天盈债券(LOF)A,20210930,002616,长集转债,7694.0,883913.94,0.0003,37,深圳证券交易所,中华人民共和国,季报
007684,华商转债精选债券C,20211231,002616,长集转债,1166.0,130630.5,0.0021,90,深圳证券交易所,中华人民共和国,年报(含半年报)
860030,光大阳光添利债券C,20211231,002616,长集转债,11753.0,1316341.71,0.0003,28,深圳证券交易所,中华人民共和国,年报(含半年报)
010435,富国双债增强债券A,20211231,002616,长集转债,5614.0,628812.8,0.0003,35,深圳证券交易所,中华人民共和国,年报(含半年报)
007669,太平睿盈混合C,20210930,002616,长集转债,2994.0,343980.0,0.0004,25,深圳证券交易所,中华人民共和国,季报
008947,华夏鼎源债券A,20210930,002616,长集转债,1557.0,178869.6,0.0011,3,深圳证券交易所,中华人民共和国,季报
006466,浦银安盛双债增强债券A,20210930,002616,长集转债,4990.0,573300.0,0.0009,54,深圳证券交易所,中华人民共和国,季报
007128,天弘增强回报债券A,20211231,002616,长集转债,222293.0,24896833.5,0.0012,40,深圳证券交易所,中华人民共和国,年报(含半年报)
970007,华安证券汇赢增利一年持有期灵活配置混合B,20210930,002616,长集转债,285660.0,32737207.32,0.0256,1,深圳证券交易所,中华人民共和国,季报
008610,海富通添鑫收益债券C,20210930,002616,长集转债,190.0,21785.4,0.0007,68,深圳证券交易所,中华人民共和国,季报
007684,华商转债精选债券C,20211231,002616,长集转债,1166.0,130630.5,0.0021,90,深圳证券交易所,中华人民共和国,季报
009735,天弘增强回报债券E,20211231,002616,长集转债,222293.0,24896833.5,0.0012,40,深圳证券交易所,中华人民共和国,年报(含半年报)
006467,浦银安盛双债增强债券C,20211231,002616,长集转债,29906.0,3349500.0,0.0018,24,深圳证券交易所,中华人民共和国,年报(含半年报)
010044,天弘安康颐和混合C,20211231,002616,长集转债,33944.0,3801682.5,0.0025,15,深圳证券交易所,中华人民共和国,季报
010600,光大保德信安瑞一年持有期债券A,20210331,002616,长集转债,39881.0,4254000.0,0.002,8,深圳证券交易所,中华人民共和国,季报
010043,天弘安康颐和混合A,20211231,002616,长集转债,33944.0,3801682.5,0.0025,15,深圳证券交易所,中华人民共和国,季报
860030,光大阳光添利债券C,20211231,002616,长集转债,11753.0,1316341.71,0.0003,28,深圳证券交易所,中华人民共和国,季报
010601,光大保德信安瑞一年持有期债券C,20210630,002616,长集转债,59939.0,6500400.0,0.0029,10,深圳证券交易所,中华人民共和国,年报(含半年报)
860005,光大阳光添利债券A,20211231,002616,长集转债,11753.0,1316341.71,0.0003,28,深圳证券交易所,中华人民共和国,年报(含半年报)
006466,浦银安盛双债增强债券A,20211231,002616,长集转债,29906.0,3349500.0,0.0018,24,深圳证券交易所,中华人民共和国,季报
007762,富国天盈债券(LOF)A,20210331,002616,长集转债,16083.0,1715531.85,0.0017,41,深圳证券交易所,中华人民共和国,季报
970006,华安证券汇赢增利一年持有期灵活配置混合A,20211231,002616,长集转债,284540.0,31868515.26,0.0202,4,深圳证券交易所,中华人民共和国,季报
010436,富国双债增强债券C,20210630,002616,长集转债,5626.0,610170.88,0.0015,47,深圳证券交易所,中华人民共和国,年报(含半年报)
010600,光大保德信安瑞一年持有期债券A,20210630,002616,长集转债,59939.0,6500400.0,0.0029,10,深圳证券交易所,中华人民共和国,年报(含半年报)
007032,平安可转债债券A,20210630,002616,长集转债,1498.0,162510.0,0.0072,31,深圳证券交易所,中华人民共和国,年报(含半年报)
009121,广发招享混合A,20210331,002616,长集转债,50750.0,5413321.35,0.0034,11,深圳证券交易所,中华人民共和国,季报
009131,鹏扬景恒六个月持有期混合C,20201231,002616,长集转债,29927.0,3222040.56,0.0012,8,深圳证券交易所,中华人民共和国,季报
511380,博时中证可转债及可交换债券ETF,20210930,002616,长集转债,6307.0,724615.8,0.0011,136,深圳证券交易所,中华人民共和国,季报
007128,天弘增强回报债券A,20211231,002616,长集转债,222293.0,24896833.5,0.0012,40,深圳证券交易所,中华人民共和国,季报
009121,广发招享混合A,20201231,002616,长集转债,32830.0,3534554.43,0.0025,6,深圳证券交易所,中华人民共和国,季报
010436,富国双债增强债券C,20210331,002616,长集转债,10601.0,1130713.2,0.0023,39,深圳证券交易所,中华人民共和国,季报
010435,富国双债增强债券A,20210331,002616,长集转债,10601.0,1130713.2,0.0023,39,深圳证券交易所,中华人民共和国,季报
008611,海富通添鑫收益债券A,20210331,002616,长集转债,608.0,64873.5,0.0011,34,深圳证券交易所,中华人民共和国,季报
010044,天弘安康颐和混合C,20211231,002616,长集转债,33944.0,3801682.5,0.0025,15,深圳证券交易所,中华人民共和国,年报(含半年报)
009758,富国可转换债券C,20210630,002616,长集转债,300015.0,32536668.8,0.0062,35,深圳证券交易所,中华人民共和国,季报
010435,富国双债增强债券A,20210630,002616,长集转债,5626.0,610170.88,0.0015,47,深圳证券交易所,中华人民共和国,年报(含半年报)
009758,富国可转换债券C,20210630,002616,长集转债,300015.0,32536668.8,0.0062,35,深圳证券交易所,中华人民共和国,年报(含半年报)
006973,太平睿盈混合A,20211231,002616,长集转债,2991.0,334950.0,0.0004,45,深圳证券交易所,中华人民共和国,季报
970008,华安证券汇赢增利一年持有期灵活配置混合C,20211231,002616,长集转债,284540.0,31868515.26,0.0202,4,深圳证券交易所,中华人民共和国,季报
010436,富国双债增强债券C,20210930,002616,长集转债,5621.0,645765.12,0.0005,33,深圳证券交易所,中华人民共和国,季报
003471,新疆前海联合添鑫3个月定期开放债券A,20211231,002616,长集转债,100.0,11165.0,0.0007,78,深圳证券交易所,中华人民共和国,季报
860005,光大阳光添利债券A,20211231,002616,长集转债,11753.0,1316341.71,0.0003,28,深圳证券交易所,中华人民共和国,季报
003472,新疆前海联合添鑫3个月定期开放债券C,20211231,002616,长集转债,100.0,11165.0,0.0007,78,深圳证券交易所,中华人民共和国,季报
006973,太平睿盈混合A,20210930,002616,长集转债,2994.0,343980.0,0.0004,25,深圳证券交易所,中华人民共和国,季报
008611,海富通添鑫收益债券A,20210930,002616,长集转债,190.0,21785.4,0.0007,68,深圳证券交易所,中华人民共和国,季报
010436,富国双债增强债券C,20211231,002616,长集转债,5614.0,628812.8,0.0003,35,深圳证券交易所,中华人民共和国,季报
010601,光大保德信安瑞一年持有期债券C,20210331,002616,长集转债,39881.0,4254000.0,0.002,8,深圳证券交易所,中华人民共和国,季报
010601,光大保德信安瑞一年持有期债券C,20210630,002616,长集转债,59939.0,6500400.0,0.0029,10,深圳证券交易所,中华人民共和国,季报
003472,新疆前海联合添鑫3个月定期开放债券C,20211231,002616,长集转债,100.0,11165.0,0.0007,78,深圳证券交易所,中华人民共和国,年报(含半年报)
007497,中庚价值灵动灵活配置混合,20210331,002616,长集转债,42287.0,4510622.55,0.0025,27,深圳证券交易所,中华人民共和国,季报
002714,鹏华金城灵活配置混合,20211231,002616,长集转债,30694.0,3437703.5,0.0045,3,深圳证券交易所,中华人民共和国,季报
511380,博时中证可转债及可交换债券ETF,20211231,002616,长集转债,5671.0,635111.08,0.001,156,深圳证券交易所,中华人民共和国,季报
007033,平安可转债债券C,20210630,002616,长集转债,1498.0,162510.0,0.0072,31,深圳证券交易所,中华人民共和国,年报(含半年报)
010871,中银信用增利债券(LOF)C,20201231,002616,长集转债,40365.0,4345758.36,0.0018,16,深圳证券交易所,中华人民共和国,季报
009758,富国可转换债券C,20210331,002616,长集转债,246587.0,26302482.0,0.0079,22,深圳证券交易所,中华人民共和国,季报
007033,平安可转债债券C,20210630,002616,长集转债,1498.0,162510.0,0.0072,31,深圳证券交易所,中华人民共和国,季报
009130,鹏扬景恒六个月持有期混合A,20201231,002616,长集转债,29927.0,3222040.56,0.0012,8,深圳证券交易所,中华人民共和国,季报
007669,太平睿盈混合C,20210630,002616,长集转债,2997.0,325020.0,0.0005,35,深圳证券交易所,中华人民共和国,季报
010435,富国双债增强债券A,20210930,002616,长集转债,5621.0,645765.12,0.0005,33,深圳证券交易所,中华人民共和国,季报
970007,华安证券汇赢增利一年持有期灵活配置混合B,20211231,002616,长集转债,284540.0,31868515.26,0.0202,4,深圳证券交易所,中华人民共和国,季报
008611,海富通添鑫收益债券A,20211231,002616,长集转债,309.0,34611.5,0.0008,34,深圳证券交易所,中华人民共和国,年报(含半年报)
006973,太平睿盈混合A,20210630,002616,长集转债,2997.0,325020.0,0.0005,35,深圳证券交易所,中华人民共和国,年报(含半年报)
009349,新疆前海联合添泽债券A,20211231,002616,长集转债,16947.0,1898050.0,0.0011,28,深圳证券交易所,中华人民共和国,年报(含半年报)
970007,华安证券汇赢增利一年持有期灵活配置混合B,20211231,002616,长集转债,284540.0,31868515.26,0.0202,4,深圳证券交易所,中华人民共和国,年报(含半年报)
511380,博时中证可转债及可交换债券ETF,20210331,002616,长集转债,8740.0,932306.71,0.0013,111,深圳证券交易所,中华人民共和国,季报
008611,海富通添鑫收益债券A,20211231,002616,长集转债,309.0,34611.5,0.0008,34,深圳证券交易所,中华人民共和国,季报
006973,太平睿盈混合A,20211231,002616,长集转债,2991.0,334950.0,0.0004,45,深圳证券交易所,中华人民共和国,年报(含半年报)
008610,海富通添鑫收益债券C,20210331,002616,长集转债,608.0,64873.5,0.0011,34,深圳证券交易所,中华人民共和国,季报
009349,新疆前海联合添泽债券A,20210630,002616,长集转债,3996.0,433360.0,0.0004,24,深圳证券交易所,中华人民共和国,年报(含半年报)
970008,华安证券汇赢增利一年持有期灵活配置混合C,20210930,002616,长集转债,285660.0,32737207.32,0.0256,1,深圳证券交易所,中华人民共和国,季报
009758,富国可转换债券C,20201231,002616,长集转债,300900.0,32395516.5,0.0105,22,深圳证券交易所,中华人民共和国,年报(含半年报)
008948,华夏鼎源债券C,20210930,002616,长集转债,1557.0,178869.6,0.0011,3,深圳证券交易所,中华人民共和国,季报
009758,富国可转换债券C,20201231,002616,长集转债,300900.0,32395516.5,0.0105,22,深圳证券交易所,中华人民共和国,季报
008008,易方达稳健收益债券C,20210331,002616,长集转债,6491.0,692338.5,0.0,77,深圳证券交易所,中华人民共和国,季报
920927,中金恒瑞债券C,20210331,002616,长集转债,68176.0,7272056.1,0.0328,1,深圳证券交易所,中华人民共和国,季报
009121,广发招享混合A,20210930,002616,长集转债,50799.0,5836308.66,0.0041,10,深圳证券交易所,中华人民共和国,季报
009735,天弘增强回报债券E,20210930,002616,长集转债,112764.0,12955433.4,0.0016,23,深圳证券交易所,中华人民共和国,季报
009349,新疆前海联合添泽债券A,20210930,002616,长集转债,5489.0,630630.0,0.0004,51,深圳证券交易所,中华人民共和国,季报
010436,富国双债增强债券C,20210630,002616,长集转债,5626.0,610170.88,0.0015,47,深圳证券交易所,中华人民共和国,季报
970006,华安证券汇赢增利一年持有期灵活配置混合A,20211231,002616,长集转债,284540.0,31868515.26,0.0202,4,深圳证券交易所,中华人民共和国,年报(含半年报)
010871,中银信用增利债券(LOF)C,20210331,002616,长集转债,40332.0,4302070.2,0.0023,21,深圳证券交易所,中华人民共和国,季报
007129,天弘增强回报债券C,20210930,002616,长集转债,112764.0,12955433.4,0.0016,23,深圳证券交易所,中华人民共和国,季报
006650,招商安庆债券,20210331,002616,长集转债,3609.0,384987.0,0.0025,23,深圳证券交易所,中华人民共和国,季报
009350,新疆前海联合添泽债券C,20211231,002616,长集转债,16947.0,1898050.0,0.0011,28,深圳证券交易所,中华人民共和国,季报
007683,华商转债精选债券A,20211231,002616,长集转债,1166.0,130630.5,0.0021,90,深圳证券交易所,中华人民共和国,季报
009121,广发招享混合A,20201231,002616,长集转债,32830.0,3534554.43,0.0025,6,深圳证券交易所,中华人民共和国,年报(含半年报)
009130,鹏扬景恒六个月持有期混合A,20201231,002616,长集转债,29927.0,3222040.56,0.0012,8,深圳证券交易所,中华人民共和国,年报(含半年报)
010043,天弘安康颐和混合A,20211231,002616,长集转债,33944.0,3801682.5,0.0025,15,深圳证券交易所,中华人民共和国,年报(含半年报)
006650,招商安庆债券,20210630,002616,长集转债,2378.0,257849.2,0.0011,30,深圳证券交易所,中华人民共和国,年报(含半年报)
009350,新疆前海联合添泽债券C,20210630,002616,长集转债,3996.0,433360.0,0.0004,24,深圳证券交易所,中华人民共和国,季报
008610,海富通添鑫收益债券C,20211231,002616,长集转债,309.0,34611.5,0.0008,34,深圳证券交易所,中华人民共和国,季报
511380,博时中证可转债及可交换债券ETF,20201231,002616,长集转债,12589.0,1355331.51,0.0013,104,深圳证券交易所,中华人民共和国,年报(含半年报)
003471,新疆前海联合添鑫3个月定期开放债券A,20211231,002616,长集转债,100.0,11165.0,0.0007,78,深圳证券交易所,中华人民共和国,年报(含半年报)
007032,平安可转债债券A,20210630,002616,长集转债,1498.0,162510.0,0.0072,31,深圳证券交易所,中华人民共和国,季报
009610,天弘永利债券C,20211231,002616,长集转债,13159.0,1473780.0,0.0001,65,深圳证券交易所,中华人民共和国,年报(含半年报)
010435,富国双债增强债券A,20211231,002616,长集转债,5614.0,628812.8,0.0003,35,深圳证券交易所,中华人民共和国,季报
007762,富国天盈债券(LOF)A,20211231,002616,长集转债,7685.0,860709.85,0.0002,37,深圳证券交易所,中华人民共和国,年报(含半年报)
009512,天弘添利债券(LOF)E,20201231,002616,长集转债,63742.0,6862628.4,0.0064,29,深圳证券交易所,中华人民共和国,年报(含半年报)
920007,中金恒瑞债券A,20210930,002616,长集转债,14962.0,1719000.0,0.0146,3,深圳证券交易所,中华人民共和国,季报
009121,广发招享混合A,20210630,002616,长集转债,50849.0,5514614.34,0.0036,10,深圳证券交易所,中华人民共和国,季报
006650,招商安庆债券,20210630,002616,长集转债,2378.0,257849.2,0.0011,30,深圳证券交易所,中华人民共和国,季报
009121,广发招享混合A,20210630,002616,长集转债,50849.0,5514614.34,0.0036,10,深圳证券交易所,中华人民共和国,年报(含半年报)
007762,富国天盈债券(LOF)A,20210630,002616,长集转债,8123.0,880912.54,0.0007,56,深圳证券交易所,中华人民共和国,季报
009512,天弘添利债券(LOF)E,20201231,002616,长集转债,63742.0,6862628.4,0.0064,29,深圳证券交易所,中华人民共和国,季报
010436,富国双债增强债券C,20211231,002616,长集转债,5614.0,628812.8,0.0003,35,深圳证券交易所,中华人民共和国,年报(含半年报)
009349,新疆前海联合添泽债券A,20211231,002616,长集转债,16947.0,1898050.0,0.0011,28,深圳证券交易所,中华人民共和国,季报
008302,永赢易弘债券A,20201231,002616,长集转债,19957.0,2148600.0,0.0038,7,深圳证券交易所,中华人民共和国,季报
920927,中金恒瑞债券C,20210930,002616,长集转债,14962.0,1719000.0,0.0146,3,深圳证券交易所,中华人民共和国,季报
010601,光大保德信安瑞一年持有期债券C,20210930,002616,长集转债,59189.0,6800255.28,0.003,6,深圳证券交易所,中华人民共和国,季报
007669,太平睿盈混合C,20211231,002616,长集转债,2991.0,334950.0,0.0004,45,深圳证券交易所,中华人民共和国,年报(含半年报)
006466,浦银安盛双债增强债券A,20200630,300487,蓝晓转债,580.0,68103.6,0.0002,47,深圳证券交易所,中华人民共和国,季报
006466,浦银安盛双债增强债券A,20191231,300487,蓝晓转债,4991.0,628350.0,0.003,16,深圳证券交易所,中华人民共和国,年报(含半年报)
511380,博时中证可转债及可交换债券ETF,20211231,300487,蓝晓转债,798.0,297440.0,0.0005,251,深圳证券交易所,中华人民共和国,季报
511380,博时中证可转债及可交换债券ETF,20210630,300487,蓝晓转债,940.0,305030.0,0.0004,227,深圳证券交易所,中华人民共和国,季报
009758,富国可转换债券C,20200630,300487,蓝晓转债,34294.0,4027740.84,0.0013,73,深圳证券交易所,中华人民共和国,年报(含半年报)
007762,富国天盈债券(LOF)A,20200331,300487,蓝晓转债,9973.0,1193500.0,0.0009,26,深圳证券交易所,中华人民共和国,季报
007762,富国天盈债券(LOF)A,20200630,300487,蓝晓转债,44911.0,5274623.82,0.0034,9,深圳证券交易所,中华人民共和国,年报(含半年报)
511380,博时中证可转债及可交换债券ETF,20200630,300487,蓝晓转债,760.0,89231.6,0.0002,165,深圳证券交易所,中华人民共和国,年报(含半年报)
519726,交银施罗德稳固收益债券A,20200930,300487,蓝晓转债,3087.0,564944.7,0.0095,2,深圳证券交易所,中华人民共和国,季报
511380,博时中证可转债及可交换债券ETF,20200630,300487,蓝晓转债,760.0,89231.6,0.0002,165,深圳证券交易所,中华人民共和国,季报
511380,博时中证可转债及可交换债券ETF,20200330,300487,蓝晓转债,757.0,89976.4,0.0002,131,深圳证券交易所,中华人民共和国,其他
007100,中银稳健添利债券E,20200331,300487,蓝晓转债,47817.0,5722355.1,0.0012,7,深圳证券交易所,中华人民共和国,季报
007752,中银招利债券A,20191231,300487,蓝晓转债,38143.0,4802102.04,0.0019,2,深圳证券交易所,中华人民共和国,年报(含半年报)
006467,浦银安盛双债增强债券C,20200630,300487,蓝晓转债,580.0,68103.6,0.0002,47,深圳证券交易所,中华人民共和国,年报(含半年报)
007762,富国天盈债券(LOF)A,20200630,300487,蓝晓转债,44911.0,5274623.82,0.0034,9,深圳证券交易所,中华人民共和国,季报
007100,中银稳健添利债券E,20191231,300487,蓝晓转债,48499.0,6105802.62,0.0017,6,深圳证券交易所,中华人民共和国,季报
511380,博时中证可转债及可交换债券ETF,20210930,300487,蓝晓转债,869.0,256806.6,0.0004,246,深圳证券交易所,中华人民共和国,季报
511380,博时中证可转债及可交换债券ETF,20210331,300487,蓝晓转债,1176.0,177082.6,0.0002,231,深圳证券交易所,中华人民共和国,季报
009512,天弘添利债券(LOF)E,20200630,300487,蓝晓转债,38582.0,4531355.22,0.0034,30,深圳证券交易所,中华人民共和国,季报
511380,博时中证可转债及可交换债券ETF,20201231,300487,蓝晓转债,1217.0,196676.2,0.0002,205,深圳证券交易所,中华人民共和国,季报
007753,中银招利债券C,20200331,300487,蓝晓转债,24735.0,2960118.7,0.0017,2,深圳证券交易所,中华人民共和国,季报
511380,博时中证可转债及可交换债券ETF,20200930,300487,蓝晓转债,5484.0,1003517.1,0.001,128,深圳证券交易所,中华人民共和国,季报
006466,浦银安盛双债增强债券A,20200630,300487,蓝晓转债,580.0,68103.6,0.0002,47,深圳证券交易所,中华人民共和国,年报(含半年报)
009758,富国可转换债券C,20200630,300487,蓝晓转债,34294.0,4027740.84,0.0013,73,深圳证券交易所,中华人民共和国,季报
007129,天弘增强回报债券C,20191231,300487,蓝晓转债,40.0,5026.8,0.0,20,深圳证券交易所,中华人民共和国,年报(含半年报)
511380,博时中证可转债及可交换债券ETF,20210630,300487,蓝晓转债,940.0,305030.0,0.0004,227,深圳证券交易所,中华人民共和国,年报(含半年报)
511380,博时中证可转债及可交换债券ETF,20201231,300487,蓝晓转债,1217.0,196676.2,0.0002,205,深圳证券交易所,中华人民共和国,年报(含半年报)
006467,浦银安盛双债增强债券C,20191231,300487,蓝晓转债,4991.0,628350.0,0.003,16,深圳证券交易所,中华人民共和国,年报(含半年报)
007753,中银招利债券C,20191231,300487,蓝晓转债,38143.0,4802102.04,0.0019,2,深圳证券交易所,中华人民共和国,季报
006466,浦银安盛双债增强债券A,20200930,300487,蓝晓转债,999.0,182830.0,0.0004,43,深圳证券交易所,中华人民共和国,季报
007752,中银招利债券A,20200331,300487,蓝晓转债,24735.0,2960118.7,0.0017,2,深圳证券交易所,中华人民共和国,季报
009512,天弘添利债券(LOF)E,20200630,300487,蓝晓转债,38582.0,4531355.22,0.0034,30,深圳证券交易所,中华人民共和国,年报(含半年报)
007100,中银稳健添利债券E,20191231,300487,蓝晓转债,48499.0,6105802.62,0.0017,6,深圳证券交易所,中华人民共和国,年报(含半年报)
006467,浦银安盛双债增强债券C,20200630,300487,蓝晓转债,580.0,68103.6,0.0002,47,深圳证券交易所,中华人民共和国,季报
007128,天弘增强回报债券A,20191231,300487,蓝晓转债,40.0,5026.8,0.0,20,深圳证券交易所,中华人民共和国,季报
007128,天弘增强回报债券A,20191231,300487,蓝晓转债,40.0,5026.8,0.0,20,深圳证券交易所,中华人民共和国,年报(含半年报)
007129,天弘增强回报债券C,20191231,300487,蓝晓转债,40.0,5026.8,0.0,20,深圳证券交易所,中华人民共和国,季报
007316,交银施罗德可转债债券A,20200331,300487,蓝晓转债,11132.0,1332184.7,0.0116,18,深圳证券交易所,中华人民共和国,季报
007753,中银招利债券C,20191231,300487,蓝晓转债,38143.0,4802102.04,0.0019,2,深圳证券交易所,中华人民共和国,年报(含半年报)
006467,浦银安盛双债增强债券C,20191231,300487,蓝晓转债,4991.0,628350.0,0.003,16,深圳证券交易所,中华人民共和国,季报
006466,浦银安盛双债增强债券A,20200331,300487,蓝晓转债,997.0,119350.0,0.0005,33,深圳证券交易所,中华人民共和国,季报
006466,浦银安盛双债增强债券A,20191231,300487,蓝晓转债,4991.0,628350.0,0.003,16,深圳证券交易所,中华人民共和国,季报
006467,浦银安盛双债增强债券C,20200930,300487,蓝晓转债,999.0,182830.0,0.0004,43,深圳证券交易所,中华人民共和国,季报
007317,交银施罗德可转债债券C,20200331,300487,蓝晓转债,11132.0,1332184.7,0.0116,18,深圳证券交易所,中华人民共和国,季报
006467,浦银安盛双债增强债券C,20200331,300487,蓝晓转债,997.0,119350.0,0.0005,33,深圳证券交易所,中华人民共和国,季报
007752,中银招利债券A,20191231,300487,蓝晓转债,38143.0,4802102.04,0.0019,2,深圳证券交易所,中华人民共和国,季报
511380,博时中证可转债及可交换债券ETF,20211231,300487,蓝晓转债,798.0,297440.0,0.0005,251,深圳证券交易所,中华人民共和国,年报(含半年报)
511180,海富通上证投资级可转债及可交换债券ETF,20200819,600863,蒙电转债,27124.0,3130107.2,0.0051,41,上海证券交易所,中华人民共和国,其他
007667,华夏鼎泓债券C,20200630,600863,蒙电转债,23906.0,2557920.0,0.004,28,上海证券交易所,中华人民共和国,年报(含半年报)
009156,海富通富泽混合A,20210331,600863,蒙电转债,997.0,106710.0,0.0001,39,上海证券交易所,中华人民共和国,季报
008936,中银产业债债券C,20200331,600863,蒙电转债,7975.0,909102.2,0.0025,11,上海证券交易所,中华人民共和国,季报
009937,东方欣益一年持有期偏债混合A,20210630,600863,蒙电转债,19881.0,2107200.0,0.0011,17,上海证券交易所,中华人民共和国,季报
009155,海富通富盈混合C,20210630,600863,蒙电转债,9941.0,1053600.0,0.0016,11,上海证券交易所,中华人民共和国,季报
511180,海富通上证投资级可转债及可交换债券ETF,20200930,600863,蒙电转债,26436.0,2984368.2,0.005,35,上海证券交易所,中华人民共和国,季报
008610,海富通添鑫收益债券C,20201231,600863,蒙电转债,1510.0,164725.9,0.001,7,上海证券交易所,中华人民共和国,季报
008044,博远增强回报债券A,20210930,600863,蒙电转债,19880.0,3084000.0,0.0029,8,上海证券交易所,中华人民共和国,季报
008817,华宝可转债债券C,20200630,600863,蒙电转债,1106.0,118303.8,0.0004,45,上海证券交易所,中华人民共和国,季报
009937,东方欣益一年持有期偏债混合A,20210331,600863,蒙电转债,19938.0,2134200.0,0.0011,13,上海证券交易所,中华人民共和国,季报
009938,东方欣益一年持有期偏债混合C,20210630,600863,蒙电转债,19881.0,2107200.0,0.0011,17,上海证券交易所,中华人民共和国,季报
007262,东方红聚利债券A,20210630,600863,蒙电转债,119287.0,12643200.0,0.0212,14,上海证券交易所,中华人民共和国,年报(含半年报)
009349,新疆前海联合添泽债券A,20210930,600863,蒙电转债,994.0,154200.0,0.0001,79,上海证券交易所,中华人民共和国,季报
010068,工银瑞信双盈债券A,20210630,600863,蒙电转债,19394.0,2055573.6,0.001,19,上海证券交易所,中华人民共和国,季报
006466,浦银安盛双债增强债券A,20191231,600863,蒙电转债,6659.0,782816.4,0.0038,12,上海证券交易所,中华人民共和国,年报(含半年报)
008008,易方达稳健收益债券C,20201231,600863,蒙电转债,390823.0,42646553.7,0.0024,16,上海证券交易所,中华人民共和国,年报(含半年报)
720002,财通可转债债券A,20201231,600863,蒙电转债,1670.0,182180.3,0.0094,18,上海证券交易所,中华人民共和国,年报(含半年报)
007666,华夏鼎泓债券A,20200630,600863,蒙电转债,23906.0,2557920.0,0.004,28,上海证券交易所,中华人民共和国,年报(含半年报)
009100,安信稳健增利混合A,20210331,600863,蒙电转债,50484.0,5403794.4,0.0018,36,上海证券交易所,中华人民共和国,季报
008810,安信民稳增长混合C,20210630,600863,蒙电转债,3320.0,351902.4,0.0004,61,上海证券交易所,中华人民共和国,年报(含半年报)
163827,中银产业债债券A,20190331,600863,蒙电转债,7981.0,886091.0,0.0022,8,上海证券交易所,中华人民共和国,季报
010069,工银瑞信双盈债券C,20210630,600863,蒙电转债,19394.0,2055573.6,0.001,19,上海证券交易所,中华人民共和国,季报
000189,易方达丰华债券A,20201231,600863,蒙电转债,68061.0,7426847.2,0.0021,17,上海证券交易所,中华人民共和国,年报(含半年报)
000028,华富安鑫债券,20190930,600863,蒙电转债,7776.0,921804.0,0.014,11,上海证券交易所,中华人民共和国,季报
511380,博时中证可转债及可交换债券ETF,20201231,600863,蒙电转债,29299.0,3197134.8,0.0031,58,上海证券交易所,中华人民共和国,季报
008008,易方达稳健收益债券C,20200331,600863,蒙电转债,390176.0,44480015.4,0.0017,18,上海证券交易所,中华人民共和国,季报
010069,工银瑞信双盈债券C,20210331,600863,蒙电转债,19450.0,2081912.1,0.001,17,上海证券交易所,中华人民共和国,季报
009111,博远双债增利混合A,20210930,600863,蒙电转债,865.0,134154.0,0.0091,16,上海证券交易所,中华人民共和国,季报
009638,华泰紫金周周购12个月滚动持有债券A,20210930,600863,蒙电转债,2087.0,323820.0,0.0094,3,上海证券交易所,中华人民共和国,季报
009849,安信稳健聚申一年持有期混合A,20210630,600863,蒙电转债,1988.0,210720.0,0.0005,23,上海证券交易所,中华人民共和国,年报(含半年报)
008830,海富通安益对冲策略灵活配置混合C,20201231,600863,蒙电转债,2999.0,327270.0,0.0001,41,上海证券交易所,中华人民共和国,年报(含半年报)
006467,浦银安盛双债增强债券C,20190930,600863,蒙电转债,11963.0,1418160.0,0.0057,7,上海证券交易所,中华人民共和国,季报
007647,平安季享裕三个月定期开放债券E,20210930,600863,蒙电转债,2137.0,331530.0,0.0003,16,上海证券交易所,中华人民共和国,季报
002458,国泰民利策略收益灵活配置混合,20200630,600863,蒙电转债,15838.0,1694622.0,0.0051,10,上海证券交易所,中华人民共和国,年报(含半年报)
008611,海富通添鑫收益债券A,20200630,600863,蒙电转债,2211.0,236607.6,0.0004,111,上海证券交易所,中华人民共和国,季报
006854,人保鑫泽纯债债券A,20200331,600863,蒙电转债,1996.0,227560.0,0.0038,16,上海证券交易所,中华人民共和国,季报
511380,博时中证可转债及可交换债券ETF,20200330,600863,蒙电转债,20711.0,2366847.6,0.004,34,上海证券交易所,中华人民共和国,其他
511380,博时中证可转债及可交换债券ETF,20200630,600863,蒙电转债,18938.0,2026314.4,0.0035,49,上海证券交易所,中华人民共和国,年报(含半年报)
007230,兴全沪深300指数增强(LOF)C,20200331,600863,蒙电转债,19961.0,2275600.0,0.0004,6,上海证券交易所,中华人民共和国,季报
970006,华安证券汇赢增利一年持有期灵活配置混合A,20210630,600863,蒙电转债,171975.0,18227632.5,0.018,9,上海证券交易所,中华人民共和国,季报
007282,华夏鼎淳债券A,20200630,600863,蒙电转债,53121.0,5683911.4,0.0041,24,上海证券交易所,中华人民共和国,季报
007033,平安可转债债券C,20191231,600863,蒙电转债,28915.0,3399256.8,0.009,17,上海证券交易所,中华人民共和国,季报
007230,兴全沪深300指数增强(LOF)C,20210630,600863,蒙电转债,19881.0,2107200.0,0.0004,11,上海证券交易所,中华人民共和国,年报(含半年报)
006655,华泰紫金季季享定期开放债券C,20200930,600863,蒙电转债,29835.0,3368100.0,0.0008,12,上海证券交易所,中华人民共和国,季报
008008,易方达稳健收益债券C,20210331,600863,蒙电转债,519224.0,55577769.3,0.0026,16,上海证券交易所,中华人民共和国,季报
006467,浦银安盛双债增强债券C,20210630,600863,蒙电转债,9941.0,1053600.0,0.002,40,上海证券交易所,中华人民共和国,季报
163827,中银产业债债券A,20200331,600863,蒙电转债,7975.0,909102.2,0.0025,11,上海证券交易所,中华人民共和国,季报
007099,安信尊享添益债券C,20210930,600863,蒙电转债,104788.0,16255764.0,0.0099,5,上海证券交易所,中华人民共和国,季报
008610,海富通添鑫收益债券C,20200630,600863,蒙电转债,2211.0,236607.6,0.0004,111,上海证券交易所,中华人民共和国,年报(含半年报)
008692,平安增利六个月定期开放债券E,20210930,600863,蒙电转债,2097.0,325362.0,0.005,9,上海证券交易所,中华人民共和国,季报
009470,东方欣利混合A,20201231,600863,蒙电转债,39989.0,4363600.0,0.0078,9,上海证券交易所,中华人民共和国,年报(含半年报)
006006,诺安鼎利混合C,20190930,600863,蒙电转债,6779.0,803624.0,0.0064,28,上海证券交易所,中华人民共和国,季报
970007,华安证券汇赢增利一年持有期灵活配置混合B,20210930,600863,蒙电转债,212440.0,32709386.8,0.0256,2,上海证券交易所,中华人民共和国,季报
008897,上银可转债精选债券A,20200930,600863,蒙电转债,7180.0,810589.4,0.0145,18,上海证券交易所,中华人民共和国,季报
008008,易方达稳健收益债券C,20191231,600863,蒙电转债,286381.0,33666982.2,0.0021,33,上海证券交易所,中华人民共和国,季报
006655,华泰紫金季季享定期开放债券C,20190930,600863,蒙电转债,29906.0,3545400.0,0.0017,4,上海证券交易所,中华人民共和国,季报
007263,东方红聚利债券C,20210630,600863,蒙电转债,119287.0,12643200.0,0.0212,14,上海证券交易所,中华人民共和国,年报(含半年报)
007667,华夏鼎泓债券C,20200630,600863,蒙电转债,23906.0,2557920.0,0.004,28,上海证券交易所,中华人民共和国,季报
511380,博时中证可转债及可交换债券ETF,20200930,600863,蒙电转债,32792.0,3701872.2,0.0036,48,上海证券交易所,中华人民共和国,季报
511380,博时中证可转债及可交换债券ETF,20210630,600863,蒙电转债,16359.0,1733860.8,0.0025,65,上海证券交易所,中华人民共和国,季报
163827,中银产业债债券A,20190930,600863,蒙电转债,7965.0,944258.2,0.0023,11,上海证券交易所,中华人民共和国,季报
008810,安信民稳增长混合C,20210630,600863,蒙电转债,3320.0,351902.4,0.0004,61,上海证券交易所,中华人民共和国,季报
007262,东方红聚利债券A,20210930,600863,蒙电转债,49700.0,7710000.0,0.004,18,上海证券交易所,中华人民共和国,季报
008831,海富通安益对冲策略灵活配置混合A,20201231,600863,蒙电转债,2999.0,327270.0,0.0001,41,上海证券交易所,中华人民共和国,年报(含半年报)
006466,浦银安盛双债增强债券A,20200930,600863,蒙电转债,7956.0,898160.0,0.002,15,上海证券交易所,中华人民共和国,季报
163827,中银产业债债券A,20190630,600863,蒙电转债,7972.0,892882.5,0.0022,8,上海证券交易所,中华人民共和国,年报(含半年报)
008008,易方达稳健收益债券C,20201231,600863,蒙电转债,390823.0,42646553.7,0.0024,16,上海证券交易所,中华人民共和国,季报
970008,华安证券汇赢增利一年持有期灵活配置混合C,20210630,600863,蒙电转债,171975.0,18227632.5,0.018,9,上海证券交易所,中华人民共和国,年报(含半年报)
006466,浦银安盛双债增强债券A,20210630,600863,蒙电转债,9941.0,1053600.0,0.002,40,上海证券交易所,中华人民共和国,季报
163827,中银产业债债券A,20191231,600863,蒙电转债,7989.0,939144.6,0.0024,13,上海证券交易所,中华人民共和国,季报
006467,浦银安盛双债增强债券C,20191231,600863,蒙电转债,6659.0,782816.4,0.0038,12,上海证券交易所,中华人民共和国,年报(含半年报)
006867,易方达丰华债券C,20200630,600863,蒙电转债,67813.0,7255966.4,0.0099,6,上海证券交易所,中华人民共和国,年报(含半年报)
003205,财通可转债债券C,20201231,600863,蒙电转债,1670.0,182180.3,0.0094,16,上海证券交易所,中华人民共和国,季报
970006,华安证券汇赢增利一年持有期灵活配置混合A,20210331,600863,蒙电转债,172586.0,18473647.5,0.024,2,上海证券交易所,中华人民共和国,季报
163827,中银产业债债券A,20191231,600863,蒙电转债,7989.0,939144.6,0.0024,13,上海证券交易所,中华人民共和国,年报(含半年报)
007263,东方红聚利债券C,20201231,600863,蒙电转债,29992.0,3272700.0,0.0068,16,上海证券交易所,中华人民共和国,年报(含半年报)
009101,安信稳健增利混合C,20210630,600863,蒙电转债,50339.0,5335430.4,0.0006,54,上海证券交易所,中华人民共和国,季报
007667,华夏鼎泓债券C,20200331,600863,蒙电转债,47917.0,5462577.8,0.0059,6,上海证券交易所,中华人民共和国,季报
008795,海富通阿尔法对冲混合C,20200331,600863,蒙电转债,8633.0,984197.0,0.0001,27,上海证券交易所,中华人民共和国,季报
160718,嘉实多利收益债券A,20200630,600863,蒙电转债,319.0,34105.6,0.0005,19,上海证券交易所,中华人民共和国,季报
009350,新疆前海联合添泽债券C,20210930,600863,蒙电转债,994.0,154200.0,0.0001,79,上海证券交易所,中华人民共和国,季报
009937,东方欣益一年持有期偏债混合A,20210630,600863,蒙电转债,19881.0,2107200.0,0.0011,17,上海证券交易所,中华人民共和国,年报(含半年报)
006466,浦银安盛双债增强债券A,20201231,600863,蒙电转债,7998.0,872720.0,0.0015,17,上海证券交易所,中华人民共和国,年报(含半年报)
009849,安信稳健聚申一年持有期混合A,20210630,600863,蒙电转债,1988.0,210720.0,0.0005,23,上海证券交易所,中华人民共和国,季报
010053,安信聚利增强债券B,20210331,600863,蒙电转债,29908.0,3201300.0,0.0108,5,上海证券交易所,中华人民共和国,季报
008222,兴业机遇债券C,20200630,600863,蒙电转债,82010.0,8740625.8,0.0707,2,上海证券交易所,中华人民共和国,季报
006654,华泰紫金季季享定期开放债券A,20191231,600863,蒙电转债,29995.0,3526200.0,0.0011,6,上海证券交易所,中华人民共和国,年报(含半年报)
007033,平安可转债债券C,20191231,600863,蒙电转债,28915.0,3399256.8,0.009,17,上海证券交易所,中华人民共和国,年报(含半年报)
009735,天弘增强回报债券E,20210930,600863,蒙电转债,183891.0,28527000.0,0.0036,3,上海证券交易所,中华人民共和国,季报
008664,嘉实鑫和一年持有期混合A,20200630,600863,蒙电转债,11993.0,1283223.2,0.0005,10,上海证券交易所,中华人民共和国,年报(含半年报)
007398,兴全磐稳增利债券C,20201231,600863,蒙电转债,193437.0,21107824.1,0.0092,22,上海证券交易所,中华人民共和国,年报(含半年报)
008611,海富通添鑫收益债券A,20201231,600863,蒙电转债,1510.0,164725.9,0.001,7,上海证券交易所,中华人民共和国,年报(含半年报)
970006,华安证券汇赢增利一年持有期灵活配置混合A,20210630,600863,蒙电转债,171975.0,18227632.5,0.018,9,上海证券交易所,中华人民共和国,年报(含半年报)
000189,易方达丰华债券A,20200331,600863,蒙电转债,67949.0,7746142.4,0.0112,4,上海证券交易所,中华人民共和国,季报
006466,浦银安盛双债增强债券A,20210630,600863,蒙电转债,9941.0,1053600.0,0.002,40,上海证券交易所,中华人民共和国,年报(含半年报)
511380,博时中证可转债及可交换债券ETF,20200630,600863,蒙电转债,18938.0,2026314.4,0.0035,49,上海证券交易所,中华人民共和国,季报
010068,工银瑞信双盈债券A,20210630,600863,蒙电转债,19394.0,2055573.6,0.001,19,上海证券交易所,中华人民共和国,年报(含半年报)
008008,易方达稳健收益债券C,20210630,600863,蒙电转债,517734.0,54874648.8,0.0021,18,上海证券交易所,中华人民共和国,年报(含半年报)
007032,平安可转债债券A,20191231,600863,蒙电转债,28915.0,3399256.8,0.009,17,上海证券交易所,中华人民共和国,年报(含半年报)
008809,安信民稳增长混合A,20210630,600863,蒙电转债,3320.0,351902.4,0.0004,61,上海证券交易所,中华人民共和国,季报
007262,东方红聚利债券A,20201231,600863,蒙电转债,29992.0,3272700.0,0.0068,16,上海证券交易所,中华人民共和国,季报
005816,国泰农惠定期开放债券,20190630,600863,蒙电转债,998.0,111750.0,0.0005,17,上海证券交易所,中华人民共和国,季报
009471,东方欣利混合C,20200930,600863,蒙电转债,39780.0,4490800.0,0.0078,4,上海证券交易所,中华人民共和国,季报
010661,安信稳健聚申一年持有期混合C,20210630,600863,蒙电转债,1988.0,210720.0,0.0005,23,上海证券交易所,中华人民共和国,年报(含半年报)
007230,兴全沪深300指数增强(LOF)C,20200630,600863,蒙电转债,19921.0,2131600.0,0.0004,11,上海证券交易所,中华人民共和国,年报(含半年报)
006654,华泰紫金季季享定期开放债券A,20200930,600863,蒙电转债,29835.0,3368100.0,0.0008,12,上海证券交易所,中华人民共和国,季报
009154,海富通富盈混合A,20210630,600863,蒙电转债,9941.0,1053600.0,0.0016,11,上海证券交易所,中华人民共和国,季报
008302,永赢易弘债券A,20210930,600863,蒙电转债,2485.0,385500.0,0.0007,30,上海证券交易所,中华人民共和国,季报
720002,财通可转债债券A,20210630,600863,蒙电转债,1660.0,175951.2,0.0039,23,上海证券交易所,中华人民共和国,季报
009101,安信稳健增利混合C,20210630,600863,蒙电转债,50339.0,5335430.4,0.0006,54,上海证券交易所,中华人民共和国,年报(含半年报)
008664,嘉实鑫和一年持有期混合A,20200630,600863,蒙电转债,11993.0,1283223.2,0.0005,10,上海证券交易所,中华人民共和国,季报
006867,易方达丰华债券C,20201231,600863,蒙电转债,68061.0,7426847.2,0.0021,17,上海证券交易所,中华人民共和国,年报(含半年报)
009470,东方欣利混合A,20200930,600863,蒙电转债,39780.0,4490800.0,0.0078,4,上海证券交易所,中华人民共和国,季报
008008,易方达稳健收益债券C,20200630,600863,蒙电转债,389396.0,41665319.4,0.0018,23,上海证券交易所,中华人民共和国,季报
006840,安信聚利增强债券C,20210630,600863,蒙电转债,24851.0,2634000.0,0.025,5,上海证券交易所,中华人民共和国,季报
008008,易方达稳健收益债券C,20210630,600863,蒙电转债,517734.0,54874648.8,0.0021,18,上海证券交易所,中华人民共和国,季报
008332,万家可转债债券C,20200930,600863,蒙电转债,497.0,56135.0,0.0008,50,上海证券交易所,中华人民共和国,季报
009155,海富通富盈混合C,20201231,600863,蒙电转债,9997.0,1090900.0,0.0009,18,上海证券交易所,中华人民共和国,年报(含半年报)
009154,海富通富盈混合A,20210630,600863,蒙电转债,9941.0,1053600.0,0.0016,11,上海证券交易所,中华人民共和国,年报(含半年报)
007282,华夏鼎淳债券A,20200331,600863,蒙电转债,106464.0,12136912.6,0.0057,4,上海证券交易所,中华人民共和国,季报
511180,海富通上证投资级可转债及可交换债券ETF,20201231,600863,蒙电转债,13935.0,1520575.2,0.0048,32,上海证券交易所,中华人民共和国,季报
006466,浦银安盛双债增强债券A,20200630,600863,蒙电转债,7969.0,852640.0,0.0022,12,上海证券交易所,中华人民共和国,季报
007262,东方红聚利债券A,20210630,600863,蒙电转债,119287.0,12643200.0,0.0212,14,上海证券交易所,中华人民共和国,季报
006655,华泰紫金季季享定期开放债券C,20200630,600863,蒙电转债,29882.0,3197400.0,0.0006,13,上海证券交易所,中华人民共和国,季报
006013,易方达鑫转招利混合A,20200331,600863,蒙电转债,33106.0,3774082.6,0.0102,13,上海证券交易所,中华人民共和国,季报
160718,嘉实多利收益债券A,20200630,600863,蒙电转债,319.0,34105.6,0.0005,19,上海证券交易所,中华人民共和国,年报(含半年报)
008222,兴业机遇债券C,20191231,600863,蒙电转债,99310.0,11672897.4,0.0739,2,上海证券交易所,中华人民共和国,季报
008665,嘉实鑫和一年持有期混合C,20200930,600863,蒙电转债,11974.0,1351730.8,0.0006,1,上海证券交易所,中华人民共和国,季报
008331,万家可转债债券A,20200930,600863,蒙电转债,497.0,56135.0,0.0008,50,上海证券交易所,中华人民共和国,季报
007398,兴全磐稳增利债券C,20200930,600863,蒙电转债,192427.0,21723122.3,0.0082,16,上海证券交易所,中华人民共和国,季报
007393,上银未来生活灵活配置混合A,20200630,600863,蒙电转债,12949.0,1385540.0,0.0274,3,上海证券交易所,中华人民共和国,年报(含半年报)
006654,华泰紫金季季享定期开放债券A,20200331,600863,蒙电转债,29942.0,3413400.0,0.0008,9,上海证券交易所,中华人民共和国,季报
511380,博时中证可转债及可交换债券ETF,20210331,600863,蒙电转债,19724.0,2111274.0,0.0029,55,上海证券交易所,中华人民共和国,季报
006006,诺安鼎利混合C,20191231,600863,蒙电转债,3829.0,450178.2,0.0062,30,上海证券交易所,中华人民共和国,年报(含半年报)
009100,安信稳健增利混合A,20210630,600863,蒙电转债,50339.0,5335430.4,0.0006,54,上海证券交易所,中华人民共和国,年报(含半年报)
008810,安信民稳增长混合C,20210331,600863,蒙电转债,12521.0,1340277.6,0.002,45,上海证券交易所,中华人民共和国,季报
009938,东方欣益一年持有期偏债混合C,20210630,600863,蒙电转债,19881.0,2107200.0,0.0011,17,上海证券交易所,中华人民共和国,年报(含半年报)
511380,博时中证可转债及可交换债券ETF,20210630,600863,蒙电转债,16359.0,1733860.8,0.0025,65,上海证券交易所,中华人民共和国,年报(含半年报)
007230,兴全沪深300指数增强(LOF)C,20201231,600863,蒙电转债,19995.0,2181800.0,0.0004,10,上海证券交易所,中华人民共和国,季报
008008,易方达稳健收益债券C,20200930,600863,蒙电转债,388783.0,43889711.1,0.0021,18,上海证券交易所,中华人民共和国,季报
007230,兴全沪深300指数增强(LOF)C,20210630,600863,蒙电转债,19881.0,2107200.0,0.0004,11,上海证券交易所,中华人民共和国,季报
009938,东方欣益一年持有期偏债混合C,20210331,600863,蒙电转债,19938.0,2134200.0,0.0011,13,上海证券交易所,中华人民共和国,季报
008467,博道嘉瑞混合A,20210930,600863,蒙电转债,76250.0,11828682.0,0.0057,8,上海证券交易所,中华人民共和国,季报
009112,博远双债增利混合C,20210930,600863,蒙电转债,865.0,134154.0,0.0091,16,上海证券交易所,中华人民共和国,季报
720002,财通可转债债券A,20210630,600863,蒙电转债,1660.0,175951.2,0.0039,23,上海证券交易所,中华人民共和国,年报(含半年报)
009154,海富通富盈混合A,20201231,600863,蒙电转债,9997.0,1090900.0,0.0009,18,上海证券交易所,中华人民共和国,季报
008611,海富通添鑫收益债券A,20201231,600863,蒙电转债,1510.0,164725.9,0.001,7,上海证券交易所,中华人民共和国,季报
006006,诺安鼎利混合C,20190630,600863,蒙电转债,7882.0,882825.0,0.0037,21,上海证券交易所,中华人民共和国,季报
008664,嘉实鑫和一年持有期混合A,20200331,600863,蒙电转债,12017.0,1369911.2,0.0006,15,上海证券交易所,中华人民共和国,季报
009849,安信稳健聚申一年持有期混合A,20210331,600863,蒙电转债,3988.0,426840.0,0.0014,18,上海证券交易所,中华人民共和国,季报
006466,浦银安盛双债增强债券A,20191231,600863,蒙电转债,6659.0,782816.4,0.0038,12,上海证券交易所,中华人民共和国,季报
006839,安信聚利增强债券A,20210331,600863,蒙电转债,29908.0,3201300.0,0.0108,5,上海证券交易所,中华人民共和国,季报
006006,诺安鼎利混合C,20191231,600863,蒙电转债,3829.0,450178.2,0.0062,30,上海证券交易所,中华人民共和国,季报
010068,工银瑞信双盈债券A,20210331,600863,蒙电转债,19450.0,2081912.1,0.001,17,上海证券交易所,中华人民共和国,季报
008897,上银可转债精选债券A,20201231,600863,蒙电转债,9457.0,1031991.4,0.0168,14,上海证券交易所,中华人民共和国,季报
008302,永赢易弘债券A,20200630,600863,蒙电转债,39843.0,4263200.0,0.0048,9,上海证券交易所,中华人民共和国,年报(含半年报)
007398,兴全磐稳增利债券C,20201231,600863,蒙电转债,193437.0,21107824.1,0.0092,22,上海证券交易所,中华人民共和国,季报
009471,东方欣利混合C,20201231,600863,蒙电转债,39989.0,4363600.0,0.0078,9,上海证券交易所,中华人民共和国,季报
007283,华夏鼎淳债券C,20200630,600863,蒙电转债,53121.0,5683911.4,0.0041,24,上海证券交易所,中华人民共和国,季报
008665,嘉实鑫和一年持有期混合C,20200630,600863,蒙电转债,11993.0,1283223.2,0.0005,10,上海证券交易所,中华人民共和国,季报
009100,安信稳健增利混合A,20210630,600863,蒙电转债,50339.0,5335430.4,0.0006,54,上海证券交易所,中华人民共和国,季报
160718,嘉实多利收益债券A,20200331,600863,蒙电转债,319.0,36409.6,0.0005,15,上海证券交易所,中华人民共和国,季报
006005,诺安鼎利混合A,20191231,600863,蒙电转债,3829.0,450178.2,0.0062,30,上海证券交易所,中华人民共和国,季报
006005,诺安鼎利混合A,20190630,600863,蒙电转债,7882.0,882825.0,0.0037,21,上海证券交易所,中华人民共和国,季报
008690,平安增利六个月定期开放债券A,20210930,600863,蒙电转债,2097.0,325362.0,0.005,9,上海证券交易所,中华人民共和国,季报
009157,海富通富泽混合C,20210630,600863,蒙电转债,994.0,105360.0,0.0001,41,上海证券交易所,中华人民共和国,季报
007230,兴全沪深300指数增强(LOF)C,20210331,600863,蒙电转债,19938.0,2134200.0,0.0004,10,上海证券交易所,中华人民共和国,季报
010053,安信聚利增强债券B,20210630,600863,蒙电转债,24851.0,2634000.0,0.025,5,上海证券交易所,中华人民共和国,年报(含半年报)
008793,博道嘉元混合A,20210930,600863,蒙电转债,39094.0,6064686.0,0.0059,8,上海证券交易所,中华人民共和国,季报
008809,安信民稳增长混合A,20210331,600863,蒙电转债,12521.0,1340277.6,0.002,45,上海证券交易所,中华人民共和国,季报
007263,东方红聚利债券C,20210630,600863,蒙电转债,119287.0,12643200.0,0.0212,14,上海证券交易所,中华人民共和国,季报
006467,浦银安盛双债增强债券C,20200630,600863,蒙电转债,7969.0,852640.0,0.0022,12,上海证券交易所,中华人民共和国,季报
511180,海富通上证投资级可转债及可交换债券ETF,20201231,600863,蒙电转债,13935.0,1520575.2,0.0048,32,上海证券交易所,中华人民共和国,年报(含半年报)
007666,华夏鼎泓债券A,20200331,600863,蒙电转债,47917.0,5462577.8,0.0059,6,上海证券交易所,中华人民共和国,季报
009155,海富通富盈混合C,20210630,600863,蒙电转债,9941.0,1053600.0,0.0016,11,上海证券交易所,中华人民共和国,年报(含半年报)
006466,浦银安盛双债增强债券A,20201231,600863,蒙电转债,7998.0,872720.0,0.0015,17,上海证券交易所,中华人民共和国,季报
009101,安信稳健增利混合C,20210331,600863,蒙电转债,50484.0,5403794.4,0.0018,36,上海证券交易所,中华人民共和国,季报
007666,华夏鼎泓债券A,20200630,600863,蒙电转债,23906.0,2557920.0,0.004,28,上海证券交易所,中华人民共和国,季报
008897,上银可转债精选债券A,20210630,600863,蒙电转债,4066.0,430922.4,0.0326,10,上海证券交易所,中华人民共和国,季报
002489,国泰民福策略价值灵活配置混合A,20191231,600863,蒙电转债,30.0,3526.2,0.0,7,上海证券交易所,中华人民共和国,季报
006006,诺安鼎利混合C,20190630,600863,蒙电转债,7882.0,882825.0,0.0037,21,上海证券交易所,中华人民共和国,年报(含半年报)
007393,上银未来生活灵活配置混合A,20200331,600863,蒙电转债,13000.0,1479140.0,0.018,2,上海证券交易所,中华人民共和国,季报
008795,海富通阿尔法对冲混合C,20201231,600863,蒙电转债,38050.0,4151965.4,0.0004,31,上海证券交易所,中华人民共和国,季报
003205,财通可转债债券C,20210630,600863,蒙电转债,1660.0,175951.2,0.0039,23,上海证券交易所,中华人民共和国,季报
006466,浦银安盛双债增强债券A,20210331,600863,蒙电转债,7975.0,853680.0,0.0015,27,上海证券交易所,中华人民共和国,季报
006467,浦银安盛双债增强债券C,20210630,600863,蒙电转债,9941.0,1053600.0,0.002,40,上海证券交易所,中华人民共和国,年报(含半年报)
009157,海富通富泽混合C,20210331,600863,蒙电转债,997.0,106710.0,0.0001,39,上海证券交易所,中华人民共和国,季报
007230,兴全沪深300指数增强(LOF)C,20200930,600863,蒙电转债,19890.0,2245400.0,0.0004,10,上海证券交易所,中华人民共和国,季报
952024,国泰君安君得盛债券A,20210930,600863,蒙电转债,1985.0,307940.0,0.0022,22,上海证券交易所,中华人民共和国,季报
006867,易方达丰华债券C,20200331,600863,蒙电转债,67949.0,7746142.4,0.0112,4,上海证券交易所,中华人民共和国,季报
006867,易方达丰华债券C,20201231,600863,蒙电转债,68061.0,7426847.2,0.0021,17,上海证券交易所,中华人民共和国,季报
007032,平安可转债债券A,20210930,600863,蒙电转债,3081.0,478020.0,0.0084,35,上海证券交易所,中华人民共和国,季报
161019,富国新天锋债券(LOF)A,20201231,600863,蒙电转债,490.0,53454.1,0.0001,26,上海证券交易所,中华人民共和国,年报(含半年报)
007263,东方红聚利债券C,20210930,600863,蒙电转债,49700.0,7710000.0,0.004,18,上海证券交易所,中华人民共和国,季报
007646,平安季享裕三个月定期开放债券C,20210930,600863,蒙电转债,2137.0,331530.0,0.0003,16,上海证券交易所,中华人民共和国,季报
007262,东方红聚利债券A,20200930,600863,蒙电转债,29835.0,3368100.0,0.0053,22,上海证券交易所,中华人民共和国,季报
007230,兴全沪深300指数增强(LOF)C,20201231,600863,蒙电转债,19995.0,2181800.0,0.0004,10,上海证券交易所,中华人民共和国,年报(含半年报)
006655,华泰紫金季季享定期开放债券C,20191231,600863,蒙电转债,29995.0,3526200.0,0.0011,6,上海证券交易所,中华人民共和国,季报
006855,人保鑫泽纯债债券C,20200331,600863,蒙电转债,1996.0,227560.0,0.0038,16,上海证券交易所,中华人民共和国,季报
008795,海富通阿尔法对冲混合C,20200630,600863,蒙电转债,33518.0,3586417.0,0.0003,34,上海证券交易所,中华人民共和国,年报(含半年报)
970008,华安证券汇赢增利一年持有期灵活配置混合C,20210630,600863,蒙电转债,171975.0,18227632.5,0.018,9,上海证券交易所,中华人民共和国,季报
006466,浦银安盛双债增强债券A,20200331,600863,蒙电转债,3134.0,357269.2,0.0015,22,上海证券交易所,中华人民共和国,季报
006467,浦银安盛双债增强债券C,20200930,600863,蒙电转债,7956.0,898160.0,0.002,15,上海证券交易所,中华人民共和国,季报
007283,华夏鼎淳债券C,20200630,600863,蒙电转债,53121.0,5683911.4,0.0041,24,上海证券交易所,中华人民共和国,年报(含半年报)
000189,易方达丰华债券A,20201231,600863,蒙电转债,68061.0,7426847.2,0.0021,17,上海证券交易所,中华人民共和国,季报
009156,海富通富泽混合A,20210630,600863,蒙电转债,994.0,105360.0,0.0001,41,上海证券交易所,中华人民共和国,年报(含半年报)
006654,华泰紫金季季享定期开放债券A,20191231,600863,蒙电转债,29995.0,3526200.0,0.0011,6,上海证券交易所,中华人民共和国,季报
007230,兴全沪深300指数增强(LOF)C,20190630,600863,蒙电转债,19955.0,2235000.0,0.0007,6,上海证券交易所,中华人民共和国,年报(含半年报)
008831,海富通安益对冲策略灵活配置混合A,20200630,600863,蒙电转债,2988.0,319740.0,0.0001,32,上海证券交易所,中华人民共和国,季报
007398,兴全磐稳增利债券C,20200331,600863,蒙电转债,193117.0,22015292.2,0.0059,14,上海证券交易所,中华人民共和国,季报
008795,海富通阿尔法对冲混合C,20200930,600863,蒙电转债,33465.0,3777885.5,0.0003,29,上海证券交易所,中华人民共和国,季报
000189,易方达丰华债券A,20200930,600863,蒙电转债,67706.0,7643341.6,0.0045,10,上海证券交易所,中华人民共和国,季报
008795,海富通阿尔法对冲混合C,20200630,600863,蒙电转债,33518.0,3586417.0,0.0003,34,上海证券交易所,中华人民共和国,季报
007032,平安可转债债券A,20200331,600863,蒙电转债,18883.0,2152717.6,0.0192,6,上海证券交易所,中华人民共和国,季报
006005,诺安鼎利混合A,20190630,600863,蒙电转债,7882.0,882825.0,0.0037,21,上海证券交易所,中华人民共和国,年报(含半年报)
163827,中银产业债债券A,20200305,600863,蒙电转债,7979.0,960797.5,0.0025,12,上海证券交易所,中华人民共和国,季报
008222,兴业机遇债券C,20200630,600863,蒙电转债,82010.0,8740625.8,0.0707,2,上海证券交易所,中华人民共和国,年报(含半年报)
002458,国泰民利策略收益灵活配置混合,20200630,600863,蒙电转债,15838.0,1694622.0,0.0051,10,上海证券交易所,中华人民共和国,季报
002489,国泰民福策略价值灵活配置混合A,20191231,600863,蒙电转债,30.0,3526.2,0.0,7,上海证券交易所,中华人民共和国,年报(含半年报)
970008,华安证券汇赢增利一年持有期灵活配置混合C,20210331,600863,蒙电转债,172586.0,18473647.5,0.024,2,上海证券交易所,中华人民共和国,季报
003205,财通可转债债券C,20210331,600863,蒙电转债,1665.0,178205.7,0.0095,17,上海证券交易所,中华人民共和国,季报
511380,博时中证可转债及可交换债券ETF,20210930,600863,蒙电转债,14491.0,2247962.0,0.0034,46,上海证券交易所,中华人民共和国,季报
008302,永赢易弘债券A,20200630,600863,蒙电转债,39843.0,4263200.0,0.0048,9,上海证券交易所,中华人民共和国,季报
008831,海富通安益对冲策略灵活配置混合A,20200630,600863,蒙电转债,2988.0,319740.0,0.0001,32,上海证券交易所,中华人民共和国,年报(含半年报)
008897,上银可转债精选债券A,20201231,600863,蒙电转债,9457.0,1031991.4,0.0168,14,上海证券交易所,中华人民共和国,年报(含半年报)
010053,安信聚利增强债券B,20210630,600863,蒙电转债,24851.0,2634000.0,0.025,5,上海证券交易所,中华人民共和国,季报
006654,华泰紫金季季享定期开放债券A,20200630,600863,蒙电转债,29882.0,3197400.0,0.0006,13,上海证券交易所,中华人民共和国,年报(含半年报)
006467,浦银安盛双债增强债券C,20200331,600863,蒙电转债,3134.0,357269.2,0.0015,22,上海证券交易所,中华人民共和国,季报
006467,浦银安盛双债增强债券C,20191231,600863,蒙电转债,6659.0,782816.4,0.0038,12,上海证券交易所,中华人民共和国,季报
008611,海富通添鑫收益债券A,20200930,600863,蒙电转债,2894.0,326705.7,0.0011,36,上海证券交易所,中华人民共和国,季报
008468,博道嘉瑞混合C,20210930,600863,蒙电转债,76250.0,11828682.0,0.0057,8,上海证券交易所,中华人民共和国,季报
511180,海富通上证投资级可转债及可交换债券ETF,20210930,600863,蒙电转债,6203.0,962312.5,0.0038,39,上海证券交易所,中华人民共和国,季报
003205,财通可转债债券C,20210630,600863,蒙电转债,1660.0,175951.2,0.0039,23,上海证券交易所,中华人民共和国,年报(含半年报)
009154,海富通富盈混合A,20200930,600863,蒙电转债,9945.0,1122700.0,0.0005,22,上海证券交易所,中华人民共和国,季报
952024,国泰君安君得盛债券A,20201231,600863,蒙电转债,22352.0,2439028.8,0.0085,13,上海证券交易所,中华人民共和国,年报(含半年报)
511180,海富通上证投资级可转债及可交换债券ETF,20210630,600863,蒙电转债,9778.0,1036318.5,0.0042,38,上海证券交易所,中华人民共和国,年报(含半年报)
006005,诺安鼎利混合A,20191231,600863,蒙电转债,3829.0,450178.2,0.0062,30,上海证券交易所,中华人民共和国,年报(含半年报)
006839,安信聚利增强债券A,20210630,600863,蒙电转债,24851.0,2634000.0,0.025,5,上海证券交易所,中华人民共和国,年报(含半年报)
008665,嘉实鑫和一年持有期混合C,20200630,600863,蒙电转债,11993.0,1283223.2,0.0005,10,上海证券交易所,中华人民共和国,年报(含半年报)
970007,华安证券汇赢增利一年持有期灵活配置混合B,20210630,600863,蒙电转债,171975.0,18227632.5,0.018,9,上海证券交易所,中华人民共和国,季报
007033,平安可转债债券C,20200331,600863,蒙电转债,18883.0,2152717.6,0.0192,6,上海证券交易所,中华人民共和国,季报
970007,华安证券汇赢增利一年持有期灵活配置混合B,20210331,600863,蒙电转债,172586.0,18473647.5,0.024,2,上海证券交易所,中华人民共和国,季报
161019,富国新天锋债券(LOF)A,20201231,600863,蒙电转债,490.0,53454.1,0.0001,26,上海证券交易所,中华人民共和国,季报
008817,华宝可转债债券C,20200930,600863,蒙电转债,2854.0,322214.9,0.0007,38,上海证券交易所,中华人民共和国,季报
007282,华夏鼎淳债券A,20200630,600863,蒙电转债,53121.0,5683911.4,0.0041,24,上海证券交易所,中华人民共和国,年报(含半年报)
008664,嘉实鑫和一年持有期混合A,20200930,600863,蒙电转债,11974.0,1351730.8,0.0006,1,上海证券交易所,中华人民共和国,季报
007393,上银未来生活灵活配置混合A,20200630,600863,蒙电转债,12949.0,1385540.0,0.0274,3,上海证券交易所,中华人民共和国,季报
006014,易方达鑫转招利混合C,20200331,600863,蒙电转债,33106.0,3774082.6,0.0102,13,上海证券交易所,中华人民共和国,季报
511180,海富通上证投资级可转债及可交换债券ETF,20210331,600863,蒙电转债,10948.0,1171863.7,0.0043,34,上海证券交易所,中华人民共和国,季报
008817,华宝可转债债券C,20200331,600863,蒙电转债,1108.0,126295.8,0.0003,41,上海证券交易所,中华人民共和国,季报
006467,浦银安盛双债增强债券C,20210331,600863,蒙电转债,7975.0,853680.0,0.0015,27,上海证券交易所,中华人民共和国,季报
007263,东方红聚利债券C,20200930,600863,蒙电转债,29835.0,3368100.0,0.0053,22,上海证券交易所,中华人民共和国,季报
008826,天弘成享一年定期开放债券,20200930,600863,蒙电转债,2616.0,295270.1,0.001,14,上海证券交易所,中华人民共和国,季报
006655,华泰紫金季季享定期开放债券C,20200630,600863,蒙电转债,29882.0,3197400.0,0.0006,13,上海证券交易所,中华人民共和国,年报(含半年报)
006973,太平睿盈混合A,20190630,600863,蒙电转债,5987.0,670500.0,0.0037,2,上海证券交易所,中华人民共和国,年报(含半年报)
009154,海富通富盈混合A,20201231,600863,蒙电转债,9997.0,1090900.0,0.0009,18,上海证券交易所,中华人民共和国,年报(含半年报)
007032,平安可转债债券A,20191231,600863,蒙电转债,28915.0,3399256.8,0.009,17,上海证券交易所,中华人民共和国,季报
007316,交银施罗德可转债债券A,20190930,600863,蒙电转债,56722.0,6724442.0,0.0147,12,上海证券交易所,中华人民共和国,季报
008794,博道嘉元混合C,20210930,600863,蒙电转债,39094.0,6064686.0,0.0059,8,上海证券交易所,中华人民共和国,季报
006655,华泰紫金季季享定期开放债券C,20200331,600863,蒙电转债,29942.0,3413400.0,0.0008,9,上海证券交易所,中华人民共和国,季报
010069,工银瑞信双盈债券C,20210630,600863,蒙电转债,19394.0,2055573.6,0.001,19,上海证券交易所,中华人民共和国,年报(含半年报)
008610,海富通添鑫收益债券C,20200930,600863,蒙电转债,2894.0,326705.7,0.0011,36,上海证券交易所,中华人民共和国,季报
010661,安信稳健聚申一年持有期混合C,20210331,600863,蒙电转债,3988.0,426840.0,0.0014,18,上海证券交易所,中华人民共和国,季报
006840,安信聚利增强债券C,20210630,600863,蒙电转债,24851.0,2634000.0,0.025,5,上海证券交易所,中华人民共和国,年报(含半年报)
006867,易方达丰华债券C,20210331,600863,蒙电转债,46975.0,5028175.2,0.0013,24,上海证券交易所,中华人民共和国,季报
007230,兴全沪深300指数增强(LOF)C,20191231,600863,蒙电转债,19997.0,2350800.0,0.0005,7,上海证券交易所,中华人民共和国,季报
008345,南华瑞泽债券A,20210930,600863,蒙电转债,7236.0,1122576.0,0.001,10,上海证券交易所,中华人民共和国,季报
006867,易方达丰华债券C,20200630,600863,蒙电转债,67813.0,7255966.4,0.0099,6,上海证券交易所,中华人民共和国,季报
008691,平安增利六个月定期开放债券C,20210930,600863,蒙电转债,2097.0,325362.0,0.005,9,上海证券交易所,中华人民共和国,季报
006654,华泰紫金季季享定期开放债券A,20190930,600863,蒙电转债,29906.0,3545400.0,0.0017,4,上海证券交易所,中华人民共和国,季报
008222,兴业机遇债券C,20191231,600863,蒙电转债,99310.0,11672897.4,0.0739,2,上海证券交易所,中华人民共和国,年报(含半年报)
511180,海富通上证投资级可转债及可交换债券ETF,20210630,600863,蒙电转债,9778.0,1036318.5,0.0042,38,上海证券交易所,中华人民共和国,季报
007230,兴全沪深300指数增强(LOF)C,20190930,600863,蒙电转债,19938.0,2363600.0,0.0006,8,上海证券交易所,中华人民共和国,季报
006867,易方达丰华债券C,20200930,600863,蒙电转债,67706.0,7643341.6,0.0045,10,上海证券交易所,中华人民共和国,季报
007398,兴全磐稳增利债券C,20191231,600863,蒙电转债,193457.0,22742814.6,0.0101,12,上海证券交易所,中华人民共和国,年报(含半年报)
009155,海富通富盈混合C,20200930,600863,蒙电转债,9945.0,1122700.0,0.0005,22,上海证券交易所,中华人民共和国,季报
009157,海富通富泽混合C,20210630,600863,蒙电转债,994.0,105360.0,0.0001,41,上海证券交易所,中华人民共和国,年报(含半年报)
009156,海富通富泽混合A,20210630,600863,蒙电转债,994.0,105360.0,0.0001,41,上海证券交易所,中华人民共和国,季报
007089,国投瑞银中证500指数量化增强C,20210930,600863,蒙电转债,13121.0,2035440.0,0.0019,12,上海证券交易所,中华人民共和国,季报
952024,国泰君安君得盛债券A,20201231,600863,蒙电转债,22352.0,2439028.8,0.0085,13,上海证券交易所,中华人民共和国,季报
007398,兴全磐稳增利债券C,20200630,600863,蒙电转债,192731.0,20622164.2,0.0067,17,上海证券交易所,中华人民共和国,季报
007263,东方红聚利债券C,20210331,600863,蒙电转债,139568.0,14939400.0,0.0525,6,上海证券交易所,中华人民共和国,季报
006899,天弘弘丰增强回报债券C,20200930,600863,蒙电转债,13416.0,1514522.3,0.009,24,上海证券交易所,中华人民共和国,季报
008830,海富通安益对冲策略灵活配置混合C,20200630,600863,蒙电转债,2988.0,319740.0,0.0001,32,上海证券交易所,中华人民共和国,季报
970008,华安证券汇赢增利一年持有期灵活配置混合C,20210930,600863,蒙电转债,212440.0,32709386.8,0.0256,2,上海证券交易所,中华人民共和国,季报
006654,华泰紫金季季享定期开放债券A,20200630,600863,蒙电转债,29882.0,3197400.0,0.0006,13,上海证券交易所,中华人民共和国,季报
009471,东方欣利混合C,20201231,600863,蒙电转债,39989.0,4363600.0,0.0078,9,上海证券交易所,中华人民共和国,年报(含半年报)
000189,易方达丰华债券A,20200630,600863,蒙电转债,67813.0,7255966.4,0.0099,6,上海证券交易所,中华人民共和国,年报(含半年报)
009470,东方欣利混合A,20201231,600863,蒙电转债,39989.0,4363600.0,0.0078,9,上海证券交易所,中华人民共和国,季报
008831,海富通安益对冲策略灵活配置混合A,20200930,600863,蒙电转债,2984.0,336810.0,0.0001,35,上海证券交易所,中华人民共和国,季报
006839,安信聚利增强债券A,20210630,600863,蒙电转债,24851.0,2634000.0,0.025,5,上海证券交易所,中华人民共和国,季报
003205,财通可转债债券C,20210930,600863,蒙电转债,1660.0,257514.0,0.0022,27,上海证券交易所,中华人民共和国,季报
008611,海富通添鑫收益债券A,20200630,600863,蒙电转债,2211.0,236607.6,0.0004,111,上海证券交易所,中华人民共和国,年报(含半年报)
000189,易方达丰华债券A,20210331,600863,蒙电转债,46975.0,5028175.2,0.0013,24,上海证券交易所,中华人民共和国,季报
970006,华安证券汇赢增利一年持有期灵活配置混合A,20210930,600863,蒙电转债,212440.0,32709386.8,0.0256,2,上海证券交易所,中华人民共和国,季报
008208,博道嘉泰回报混合,20210930,600863,蒙电转债,73338.0,11376876.0,0.0057,8,上海证券交易所,中华人民共和国,季报
007033,平安可转债债券C,20210930,600863,蒙电转债,3081.0,478020.0,0.0084,35,上海证券交易所,中华人民共和国,季报
008610,海富通添鑫收益债券C,20201231,600863,蒙电转债,1510.0,164725.9,0.001,7,上海证券交易所,中华人民共和国,年报(含半年报)
007645,平安季享裕三个月定期开放债券A,20210930,600863,蒙电转债,2137.0,331530.0,0.0003,16,上海证券交易所,中华人民共和国,季报
009154,海富通富盈混合A,20210331,600863,蒙电转债,9969.0,1067100.0,0.0013,10,上海证券交易所,中华人民共和国,季报
008830,海富通安益对冲策略灵活配置混合C,20200930,600863,蒙电转债,2984.0,336810.0,0.0001,35,上海证券交易所,中华人民共和国,季报
007263,东方红聚利债券C,20201231,600863,蒙电转债,29992.0,3272700.0,0.0068,16,上海证券交易所,中华人民共和国,季报
006466,浦银安盛双债增强债券A,20200630,600863,蒙电转债,7969.0,852640.0,0.0022,12,上海证券交易所,中华人民共和国,年报(含半年报)
008831,海富通安益对冲策略灵活配置混合A,20201231,600863,蒙电转债,2999.0,327270.0,0.0001,41,上海证券交易所,中华人民共和国,季报
007283,华夏鼎淳债券C,20200331,600863,蒙电转债,106464.0,12136912.6,0.0057,4,上海证券交易所,中华人民共和国,季报
006655,华泰紫金季季享定期开放债券C,20191231,600863,蒙电转债,29995.0,3526200.0,0.0011,6,上海证券交易所,中华人民共和国,年报(含半年报)
163827,中银产业债债券A,20190630,600863,蒙电转债,7972.0,892882.5,0.0022,8,上海证券交易所,中华人民共和国,季报
008897,上银可转债精选债券A,20210331,600863,蒙电转债,8942.0,957188.7,0.0255,10,上海证券交易所,中华人民共和国,季报
006466,浦银安盛双债增强债券A,20190930,600863,蒙电转债,11963.0,1418160.0,0.0057,7,上海证券交易所,中华人民共和国,季报
952024,国泰君安君得盛债券A,20200930,600863,蒙电转债,6455.0,728715.0,0.0012,17,上海证券交易所,中华人民共和国,季报
007129,天弘增强回报债券C,20210930,600863,蒙电转债,183891.0,28527000.0,0.0036,3,上海证券交易所,中华人民共和国,季报
008008,易方达稳健收益债券C,20200630,600863,蒙电转债,389396.0,41665319.4,0.0018,23,上海证券交易所,中华人民共和国,年报(含半年报)
007262,东方红聚利债券A,20210331,600863,蒙电转债,139568.0,14939400.0,0.0525,6,上海证券交易所,中华人民共和国,季报
007398,兴全磐稳增利债券C,20200630,600863,蒙电转债,192731.0,20622164.2,0.0067,17,上海证券交易所,中华人民共和国,年报(含半年报)
002412,华富安福债券,20210930,600863,蒙电转债,1173.0,181956.0,0.0217,8,上海证券交易所,中华人民共和国,季报
008665,嘉实鑫和一年持有期混合C,20200331,600863,蒙电转债,12017.0,1369911.2,0.0006,15,上海证券交易所,中华人民共和国,季报
007317,交银施罗德可转债债券C,20190930,600863,蒙电转债,56722.0,6724442.0,0.0147,12,上海证券交易所,中华人民共和国,季报
006467,浦银安盛双债增强债券C,20201231,600863,蒙电转债,7998.0,872720.0,0.0015,17,上海证券交易所,中华人民共和国,季报
007398,兴全磐稳增利债券C,20191231,600863,蒙电转债,193457.0,22742814.6,0.0101,12,上海证券交易所,中华人民共和国,季报
006467,浦银安盛双债增强债券C,20201231,600863,蒙电转债,7998.0,872720.0,0.0015,17,上海证券交易所,中华人民共和国,年报(含半年报)
008830,海富通安益对冲策略灵活配置混合C,20201231,600863,蒙电转债,2999.0,327270.0,0.0001,41,上海证券交易所,中华人民共和国,季报
006467,浦银安盛双债增强债券C,20200630,600863,蒙电转债,7969.0,852640.0,0.0022,12,上海证券交易所,中华人民共和国,年报(含半年报)
008008,易方达稳健收益债券C,20191231,600863,蒙电转债,286381.0,33666982.2,0.0021,33,上海证券交易所,中华人民共和国,年报(含半年报)
720002,财通可转债债券A,20210930,600863,蒙电转债,1660.0,257514.0,0.0022,27,上海证券交易所,中华人民共和国,季报
010661,安信稳健聚申一年持有期混合C,20210630,600863,蒙电转债,1988.0,210720.0,0.0005,23,上海证券交易所,中华人民共和国,季报
007262,东方红聚利债券A,20201231,600863,蒙电转债,29992.0,3272700.0,0.0068,16,上海证券交易所,中华人民共和国,年报(含半年报)
720002,财通可转债债券A,20210331,600863,蒙电转债,1665.0,178205.7,0.0095,17,上海证券交易所,中华人民共和国,季报
009155,海富通富盈混合C,20210331,600863,蒙电转债,9969.0,1067100.0,0.0013,10,上海证券交易所,中华人民共和国,季报
006973,太平睿盈混合A,20190630,600863,蒙电转债,5987.0,670500.0,0.0037,2,上海证券交易所,中华人民共和国,季报
006005,诺安鼎利混合A,20190930,600863,蒙电转债,6779.0,803624.0,0.0064,28,上海证券交易所,中华人民共和国,季报
008346,南华瑞泽债券C,20210930,600863,蒙电转债,7236.0,1122576.0,0.001,10,上海证券交易所,中华人民共和国,季报
007230,兴全沪深300指数增强(LOF)C,20191231,600863,蒙电转债,19997.0,2350800.0,0.0005,7,上海证券交易所,中华人民共和国,年报(含半年报)
008222,兴业机遇债券C,20200331,600863,蒙电转债,75364.0,8591527.8,0.0601,3,上海证券交易所,中华人民共和国,季报
008795,海富通阿尔法对冲混合C,20201231,600863,蒙电转债,38050.0,4151965.4,0.0004,31,上海证券交易所,中华人民共和国,年报(含半年报)
000189,易方达丰华债券A,20200630,600863,蒙电转债,67813.0,7255966.4,0.0099,6,上海证券交易所,中华人民共和国,季报
008830,海富通安益对冲策略灵活配置混合C,20200630,600863,蒙电转债,2988.0,319740.0,0.0001,32,上海证券交易所,中华人民共和国,年报(含半年报)
008610,海富通添鑫收益债券C,20200630,600863,蒙电转债,2211.0,236607.6,0.0004,111,上海证券交易所,中华人民共和国,季报
006898,天弘弘丰增强回报债券A,20200930,600863,蒙电转债,13416.0,1514522.3,0.009,24,上海证券交易所,中华人民共和国,季报
720002,财通可转债债券A,20201231,600863,蒙电转债,1670.0,182180.3,0.0094,16,上海证券交易所,中华人民共和国,季报
007230,兴全沪深300指数增强(LOF)C,20190630,600863,蒙电转债,19955.0,2235000.0,0.0007,6,上海证券交易所,中华人民共和国,季报
008045,博远增强回报债券C,20210930,600863,蒙电转债,19880.0,3084000.0,0.0029,8,上海证券交易所,中华人民共和国,季报
007230,兴全沪深300指数增强(LOF)C,20200630,600863,蒙电转债,19921.0,2131600.0,0.0004,11,上海证券交易所,中华人民共和国,季报
970007,华安证券汇赢增利一年持有期灵活配置混合B,20210630,600863,蒙电转债,171975.0,18227632.5,0.018,9,上海证券交易所,中华人民共和国,年报(含半年报)
511380,博时中证可转债及可交换债券ETF,20201231,600863,蒙电转债,29299.0,3197134.8,0.0031,58,上海证券交易所,中华人民共和国,年报(含半年报)
005816,国泰农惠定期开放债券,20190630,600863,蒙电转债,998.0,111750.0,0.0005,17,上海证券交易所,中华人民共和国,年报(含半年报)
006840,安信聚利增强债券C,20210331,600863,蒙电转债,29908.0,3201300.0,0.0108,5,上海证券交易所,中华人民共和国,季报
009639,华泰紫金周周购12个月滚动持有债券C,20210930,600863,蒙电转债,2087.0,323820.0,0.0094,3,上海证券交易所,中华人民共和国,季报
007128,天弘增强回报债券A,20210930,600863,蒙电转债,183891.0,28527000.0,0.0036,3,上海证券交易所,中华人民共和国,季报
008809,安信民稳增长混合A,20210630,600863,蒙电转债,3320.0,351902.4,0.0004,61,上海证券交易所,中华人民共和国,年报(含半年报)
008817,华宝可转债债券C,20200630,600863,蒙电转债,1106.0,118303.8,0.0004,45,上海证券交易所,中华人民共和国,年报(含半年报)
009155,海富通富盈混合C,20201231,600863,蒙电转债,9997.0,1090900.0,0.0009,18,上海证券交易所,中华人民共和国,季报
007099,安信尊享添益债券C,20210331,600863,蒙电转债,29908.0,3201300.0,0.0006,7,上海证券交易所,中华人民共和国,季报
008897,上银可转债精选债券A,20210630,600863,蒙电转债,4066.0,430922.4,0.0326,10,上海证券交易所,中华人民共和国,年报(含半年报)
003205,财通可转债债券C,20201231,600863,蒙电转债,1670.0,182180.3,0.0094,18,上海证券交易所,中华人民共和国,年报(含半年报)
006006,诺安鼎利混合C,20201231,002241,歌尔转2,999.0,159930.0,0.0078,11,深圳证券交易所,中华人民共和国,年报(含半年报)
008831,海富通安益对冲策略灵活配置混合A,20201231,002241,歌尔转2,99944.0,15993000.0,0.0067,3,深圳证券交易所,中华人民共和国,年报(含半年报)
007257,凯石沣混合A,20201231,002241,歌尔转2,100.0,15993.0,0.0003,9,深圳证券交易所,中华人民共和国,年报(含半年报)
007258,凯石沣混合C,20201231,002241,歌尔转2,100.0,15993.0,0.0003,9,深圳证券交易所,中华人民共和国,季报
006013,易方达鑫转招利混合A,20201231,002241,歌尔转2,34970.0,5595950.7,0.0056,6,深圳证券交易所,中华人民共和国,季报
008436,长信中证可转债及可交换债券50指数C,20201231,002241,歌尔转2,9275.0,1484150.4,0.0192,7,深圳证券交易所,中华人民共和国,年报(含半年报)
920007,中金恒瑞债券A,20201231,002241,歌尔转2,7995.0,1279280.0,0.0112,2,深圳证券交易所,中华人民共和国,年报(含半年报)
008831,海富通安益对冲策略灵活配置混合A,20201231,002241,歌尔转2,99944.0,15993000.0,0.0067,3,深圳证券交易所,中华人民共和国,季报
008691,平安增利六个月定期开放债券C,20201231,002241,歌尔转2,38230.0,6117642.36,0.0199,6,深圳证券交易所,中华人民共和国,季报
009228,平安增鑫六个月定期开放债券C,20201231,002241,歌尔转2,27445.0,4391677.8,0.0099,9,深圳证券交易所,中华人民共和国,年报(含半年报)
007233,金鹰鑫益灵活配置混合E,20201231,002241,歌尔转2,1134.0,181520.55,0.0006,9,深圳证券交易所,中华人民共和国,季报
009022,鹏华丰诚债券C,20201231,002241,歌尔转2,10494.0,1679265.0,0.0078,3,深圳证券交易所,中华人民共和国,年报(含半年报)
009291,富国添享一年持有期债券C,20201231,002241,歌尔转2,4997.0,799650.0,0.0021,9,深圳证券交易所,中华人民共和国,年报(含半年报)
010871,中银信用增利债券(LOF)C,20201231,002241,歌尔转2,49262.0,7882949.7,0.0033,11,深圳证券交易所,中华人民共和国,季报
010188,中欧添益一年持有期混合A,20201231,002241,歌尔转2,29983.0,4797900.0,0.0022,1,深圳证券交易所,中华人民共和国,季报
009285,泰康招泰尊享一年持有期混合A,20201231,002241,歌尔转2,39538.0,6326830.8,0.0024,8,深圳证券交易所,中华人民共和国,年报(含半年报)
009917,格林泓利增强债券C,20201231,002241,歌尔转2,50932.0,8150083.76,0.0134,2,深圳证券交易所,中华人民共和国,年报(含半年报)
007317,交银施罗德可转债债券C,20201231,002241,歌尔转2,1809.0,289473.3,0.0067,24,深圳证券交易所,中华人民共和国,年报(含半年报)
009471,东方欣利混合C,20201231,002241,歌尔转2,54969.0,8796150.0,0.0157,4,深圳证券交易所,中华人民共和国,年报(含半年报)
009449,泰康申润一年持有期混合C,20201231,002241,歌尔转2,4997.0,799650.0,0.0017,8,深圳证券交易所,中华人民共和国,年报(含半年报)
008740,国寿安保尊盛双债债券A,20201231,002241,歌尔转2,2379.0,380633.4,0.0056,14,深圳证券交易所,中华人民共和国,季报
009916,格林泓利增强债券A,20201231,002241,歌尔转2,50932.0,8150083.76,0.0134,2,深圳证券交易所,中华人民共和国,季报
006738,工银瑞信添慧债券A,20201231,002241,歌尔转2,1999.0,319860.0,0.0027,17,深圳证券交易所,中华人民共和国,年报(含半年报)
007230,兴全沪深300指数增强(LOF)C,20201231,002241,歌尔转2,42747.0,6840366.03,0.0012,7,深圳证券交易所,中华人民共和国,季报
007230,兴全沪深300指数增强(LOF)C,20201231,002241,歌尔转2,42747.0,6840366.03,0.0012,7,深圳证券交易所,中华人民共和国,年报(含半年报)
008504,国泰信用互利债券C,20201231,002241,歌尔转2,14992.0,2398950.0,0.0054,7,深圳证券交易所,中华人民共和国,季报
008611,海富通添鑫收益债券A,20201231,002241,歌尔转2,470.0,75167.1,0.0005,102,深圳证券交易所,中华人民共和国,年报(含半年报)
009460,安信禧悦稳健养老目标一年持有期混合(FOF)A,20201231,002241,歌尔转2,18190.0,2910726.0,0.0066,8,深圳证券交易所,中华人民共和国,年报(含半年报)
010188,中欧添益一年持有期混合A,20201231,002241,歌尔转2,29983.0,4797900.0,0.0022,1,深圳证券交易所,中华人民共和国,年报(含半年报)
009606,长信稳健精选混合A,20201231,002241,歌尔转2,29983.0,4797900.0,0.007,2,深圳证券交易所,中华人民共和国,季报
007317,交银施罗德可转债债券C,20201231,002241,歌尔转2,1809.0,289473.3,0.0067,24,深圳证券交易所,中华人民共和国,季报
007258,凯石沣混合C,20201231,002241,歌尔转2,100.0,15993.0,0.0003,9,深圳证券交易所,中华人民共和国,年报(含半年报)
009937,东方欣益一年持有期偏债混合A,20201231,002241,歌尔转2,104939.0,16792330.14,0.0098,2,深圳证券交易所,中华人民共和国,季报
007446,中欧增强回报债券(LOF)C,20201231,002241,歌尔转2,28984.0,4637970.0,0.0013,2,深圳证券交易所,中华人民共和国,年报(含半年报)
007316,交银施罗德可转债债券A,20201231,002241,歌尔转2,1809.0,289473.3,0.0067,24,深圳证券交易所,中华人民共和国,年报(含半年报)
006867,易方达丰华债券C,20201231,002241,歌尔转2,27035.0,4326106.5,0.0012,31,深圳证券交易所,中华人民共和国,季报
010189,中欧添益一年持有期混合C,20201231,002241,歌尔转2,29983.0,4797900.0,0.0022,1,深圳证券交易所,中华人民共和国,季报
006005,诺安鼎利混合A,20201231,002241,歌尔转2,999.0,159930.0,0.0078,11,深圳证券交易所,中华人民共和国,年报(含半年报)
009227,平安增鑫六个月定期开放债券A,20201231,002241,歌尔转2,27445.0,4391677.8,0.0099,9,深圳证券交易所,中华人民共和国,季报
008610,海富通添鑫收益债券C,20201231,002241,歌尔转2,470.0,75167.1,0.0005,102,深圳证券交易所,中华人民共和国,年报(含半年报)
008692,平安增利六个月定期开放债券E,20201231,002241,歌尔转2,38230.0,6117642.36,0.0199,6,深圳证券交易所,中华人民共和国,季报
009470,东方欣利混合A,20201231,002241,歌尔转2,54969.0,8796150.0,0.0157,4,深圳证券交易所,中华人民共和国,年报(含半年报)
009291,富国添享一年持有期债券C,20201231,002241,歌尔转2,4997.0,799650.0,0.0021,9,深圳证券交易所,中华人民共和国,季报
008830,海富通安益对冲策略灵活配置混合C,20201231,002241,歌尔转2,99944.0,15993000.0,0.0067,3,深圳证券交易所,中华人民共和国,年报(含半年报)
009519,中欧鼎利债券E,20201231,002241,歌尔转2,70340.0,11255873.4,0.0099,3,深圳证券交易所,中华人民共和国,年报(含半年报)
007749,民生加银鹏程混合C,20201231,002241,歌尔转2,166.0,26548.38,0.0,13,深圳证券交易所,中华人民共和国,季报
008741,国寿安保尊盛双债债券C,20201231,002241,歌尔转2,2379.0,380633.4,0.0056,14,深圳证券交易所,中华人民共和国,年报(含半年报)
920927,中金恒瑞债券C,20201231,002241,歌尔转2,7995.0,1279280.0,0.0112,2,深圳证券交易所,中华人民共和国,季报
007749,民生加银鹏程混合C,20201231,002241,歌尔转2,166.0,26548.38,0.0,13,深圳证券交易所,中华人民共和国,年报(含半年报)
511380,博时中证可转债及可交换债券ETF,20201231,002241,歌尔转2,68159.0,10906821.46,0.0106,11,深圳证券交易所,中华人民共和国,季报
008045,博远增强回报债券C,20201231,002241,歌尔转2,9997.0,1599789.79,0.0022,6,深圳证券交易所,中华人民共和国,年报(含半年报)
009917,格林泓利增强债券C,20201231,002241,歌尔转2,50932.0,8150083.76,0.0134,2,深圳证券交易所,中华人民共和国,季报
007282,华夏鼎淳债券A,20201231,002241,歌尔转2,21808.0,3489672.6,0.0016,10,深圳证券交易所,中华人民共和国,年报(含半年报)
161019,富国新天锋债券(LOF)A,20201231,002241,歌尔转2,14992.0,2398950.0,0.0044,9,深圳证券交易所,中华人民共和国,年报(含半年报)
007233,金鹰鑫益灵活配置混合E,20201231,002241,歌尔转2,1134.0,181520.55,0.0006,9,深圳证券交易所,中华人民共和国,年报(含半年报)
009938,东方欣益一年持有期偏债混合C,20201231,002241,歌尔转2,104939.0,16792330.14,0.0098,2,深圳证券交易所,中华人民共和国,年报(含半年报)
008435,长信中证可转债及可交换债券50指数A,20201231,002241,歌尔转2,9275.0,1484150.4,0.0192,7,深圳证券交易所,中华人民共和国,季报
008435,长信中证可转债及可交换债券50指数A,20201231,002241,歌尔转2,9275.0,1484150.4,0.0192,7,深圳证券交易所,中华人民共和国,年报(含半年报)
010629,广发可转债债券E,20201231,002241,歌尔转2,9994.0,1599300.0,0.0118,16,深圳证券交易所,中华人民共和国,年报(含半年报)
009607,长信稳健精选混合C,20201231,002241,歌尔转2,29983.0,4797900.0,0.007,2,深圳证券交易所,中华人民共和国,季报
009022,鹏华丰诚债券C,20201231,002241,歌尔转2,10494.0,1679265.0,0.0078,3,深圳证券交易所,中华人民共和国,季报
160217,国泰信用互利债券A,20201231,002241,歌尔转2,14992.0,2398950.0,0.0054,7,深圳证券交易所,中华人民共和国,季报
006014,易方达鑫转招利混合C,20201231,002241,歌尔转2,34970.0,5595950.7,0.0056,6,深圳证券交易所,中华人民共和国,季报
008830,海富通安益对冲策略灵活配置混合C,20201231,002241,歌尔转2,99944.0,15993000.0,0.0067,3,深圳证券交易所,中华人民共和国,季报
511380,博时中证可转债及可交换债券ETF,20201231,002241,歌尔转2,68159.0,10906821.46,0.0106,11,深圳证券交易所,中华人民共和国,年报(含半年报)
008045,博远增强回报债券C,20201231,002241,歌尔转2,9997.0,1599789.79,0.0022,6,深圳证券交易所,中华人民共和国,季报
007283,华夏鼎淳债券C,20201231,002241,歌尔转2,21808.0,3489672.6,0.0016,10,深圳证券交易所,中华人民共和国,季报
006014,易方达鑫转招利混合C,20201231,002241,歌尔转2,34970.0,5595950.7,0.0056,6,深圳证券交易所,中华人民共和国,年报(含半年报)
009228,平安增鑫六个月定期开放债券C,20201231,002241,歌尔转2,27445.0,4391677.8,0.0099,9,深圳证券交易所,中华人民共和国,季报
008610,海富通添鑫收益债券C,20201231,002241,歌尔转2,470.0,75167.1,0.0005,102,深圳证券交易所,中华人民共和国,季报
008436,长信中证可转债及可交换债券50指数C,20201231,002241,歌尔转2,9275.0,1484150.4,0.0192,7,深圳证券交易所,中华人民共和国,季报
008611,海富通添鑫收益债券A,20201231,002241,歌尔转2,470.0,75167.1,0.0005,102,深圳证券交易所,中华人民共和国,季报
009286,泰康招泰尊享一年持有期混合C,20201231,002241,歌尔转2,39538.0,6326830.8,0.0024,8,深圳证券交易所,中华人民共和国,年报(含半年报)
009021,鹏华丰诚债券A,20201231,002241,歌尔转2,10494.0,1679265.0,0.0078,3,深圳证券交易所,中华人民共和国,季报
009285,泰康招泰尊享一年持有期混合A,20201231,002241,歌尔转2,39538.0,6326830.8,0.0024,8,深圳证券交易所,中华人民共和国,季报
006006,诺安鼎利混合C,20201231,002241,歌尔转2,999.0,159930.0,0.0078,11,深圳证券交易所,中华人民共和国,季报
009448,泰康申润一年持有期混合A,20201231,002241,歌尔转2,4997.0,799650.0,0.0017,8,深圳证券交易所,中华人民共和国,年报(含半年报)
006867,易方达丰华债券C,20201231,002241,歌尔转2,27035.0,4326106.5,0.0012,31,深圳证券交易所,中华人民共和国,年报(含半年报)
006739,工银瑞信添慧债券C,20201231,002241,歌尔转2,1999.0,319860.0,0.0027,17,深圳证券交易所,中华人民共和国,季报
009938,东方欣益一年持有期偏债混合C,20201231,002241,歌尔转2,104939.0,16792330.14,0.0098,2,深圳证券交易所,中华人民共和国,季报
008302,永赢易弘债券A,20201231,002241,歌尔转2,14992.0,2398950.0,0.0043,5,深圳证券交易所,中华人民共和国,年报(含半年报)
009286,泰康招泰尊享一年持有期混合C,20201231,002241,歌尔转2,39538.0,6326830.8,0.0024,8,深圳证券交易所,中华人民共和国,季报
008044,博远增强回报债券A,20201231,002241,歌尔转2,9997.0,1599789.79,0.0022,6,深圳证券交易所,中华人民共和国,年报(含半年报)
007032,平安可转债债券A,20201231,002241,歌尔转2,1779.0,284675.4,0.0091,16,深圳证券交易所,中华人民共和国,年报(含半年报)
008690,平安增利六个月定期开放债券A,20201231,002241,歌尔转2,38230.0,6117642.36,0.0199,6,深圳证券交易所,中华人民共和国,季报
007282,华夏鼎淳债券A,20201231,002241,歌尔转2,21808.0,3489672.6,0.0016,10,深圳证券交易所,中华人民共和国,季报
008817,华宝可转债债券C,20201231,002241,歌尔转2,69961.0,11195100.0,0.0284,8,深圳证券交易所,中华人民共和国,季报
008741,国寿安保尊盛双债债券C,20201231,002241,歌尔转2,2379.0,380633.4,0.0056,14,深圳证券交易所,中华人民共和国,季报
009758,富国可转换债券C,20201231,002241,歌尔转2,684250.0,109493675.55,0.0356,6,深圳证券交易所,中华人民共和国,年报(含半年报)
009470,东方欣利混合A,20201231,002241,歌尔转2,54969.0,8796150.0,0.0157,4,深圳证券交易所,中华人民共和国,季报
000189,易方达丰华债券A,20201231,002241,歌尔转2,27035.0,4326106.5,0.0012,31,深圳证券交易所,中华人民共和国,季报
501096,国联安科技创新混合(LOF),20201231,002241,歌尔转2,220905.0,35329336.65,0.0533,1,深圳证券交易所,中华人民共和国,年报(含半年报)
007283,华夏鼎淳债券C,20201231,002241,歌尔转2,21808.0,3489672.6,0.0016,10,深圳证券交易所,中华人民共和国,年报(含半年报)
005991,长信利丰债券A,20201231,002241,歌尔转2,39548.0,6328430.1,0.0028,12,深圳证券交易所,中华人民共和国,季报
000189,易方达丰华债券A,20201231,002241,歌尔转2,27035.0,4326106.5,0.0012,31,深圳证券交易所,中华人民共和国,年报(含半年报)
006005,诺安鼎利混合A,20201231,002241,歌尔转2,999.0,159930.0,0.0078,11,深圳证券交易所,中华人民共和国,季报
007257,凯石沣混合A,20201231,002241,歌尔转2,100.0,15993.0,0.0003,9,深圳证券交易所,中华人民共和国,季报
008740,国寿安保尊盛双债债券A,20201231,002241,歌尔转2,2379.0,380633.4,0.0056,14,深圳证券交易所,中华人民共和国,年报(含半年报)
009460,安信禧悦稳健养老目标一年持有期混合(FOF)A,20201231,002241,歌尔转2,18190.0,2910726.0,0.0066,8,深圳证券交易所,中华人民共和国,季报
008691,平安增利六个月定期开放债券C,20201231,002241,歌尔转2,38230.0,6117642.36,0.0199,6,深圳证券交易所,中华人民共和国,年报(含半年报)
009229,平安增鑫六个月定期开放债券E,20201231,002241,歌尔转2,27445.0,4391677.8,0.0099,9,深圳证券交易所,中华人民共和国,年报(含半年报)
160217,国泰信用互利债券A,20201231,002241,歌尔转2,14992.0,2398950.0,0.0054,7,深圳证券交易所,中华人民共和国,年报(含半年报)
008817,华宝可转债债券C,20201231,002241,歌尔转2,69961.0,11195100.0,0.0284,8,深圳证券交易所,中华人民共和国,年报(含半年报)
009448,泰康申润一年持有期混合A,20201231,002241,歌尔转2,4997.0,799650.0,0.0017,8,深圳证券交易所,中华人民共和国,季报
007033,平安可转债债券C,20201231,002241,歌尔转2,1779.0,284675.4,0.0091,16,深圳证券交易所,中华人民共和国,年报(含半年报)
009520,中欧鼎利债券C,20201231,002241,歌尔转2,70340.0,11255873.4,0.0099,3,深圳证券交易所,中华人民共和国,年报(含半年报)
008690,平安增利六个月定期开放债券A,20201231,002241,歌尔转2,38230.0,6117642.36,0.0199,6,深圳证券交易所,中华人民共和国,年报(含半年报)
009606,长信稳健精选混合A,20201231,002241,歌尔转2,29983.0,4797900.0,0.007,2,深圳证券交易所,中华人民共和国,年报(含半年报)
008504,国泰信用互利债券C,20201231,002241,歌尔转2,14992.0,2398950.0,0.0054,7,深圳证券交易所,中华人民共和国,年报(含半年报)
007446,中欧增强回报债券(LOF)C,20201231,002241,歌尔转2,28984.0,4637970.0,0.0013,2,深圳证券交易所,中华人民共和国,季报
006739,工银瑞信添慧债券C,20201231,002241,歌尔转2,1999.0,319860.0,0.0027,17,深圳证券交易所,中华人民共和国,年报(含半年报)
007033,平安可转债债券C,20201231,002241,歌尔转2,1779.0,284675.4,0.0091,16,深圳证券交易所,中华人民共和国,季报
006738,工银瑞信添慧债券A,20201231,002241,歌尔转2,1999.0,319860.0,0.0027,17,深圳证券交易所,中华人民共和国,季报
010629,广发可转债债券E,20201231,002241,歌尔转2,9994.0,1599300.0,0.0118,16,深圳证券交易所,中华人民共和国,季报
009519,中欧鼎利债券E,20201231,002241,歌尔转2,70340.0,11255873.4,0.0099,3,深圳证券交易所,中华人民共和国,季报
009471,东方欣利混合C,20201231,002241,歌尔转2,54969.0,8796150.0,0.0157,4,深圳证券交易所,中华人民共和国,季报
008302,永赢易弘债券A,20201231,002241,歌尔转2,14992.0,2398950.0,0.0043,5,深圳证券交易所,中华人民共和国,季报
010964,鹏华可转债债券C,20201231,002241,歌尔转2,135973.0,21758476.5,0.012,11,深圳证券交易所,中华人民共和国,季报
010964,鹏华可转债债券C,20201231,002241,歌尔转2,135973.0,21758476.5,0.012,11,深圳证券交易所,中华人民共和国,年报(含半年报)
009290,富国添享一年持有期债券A,20201231,002241,歌尔转2,4997.0,799650.0,0.0021,9,深圳证券交易所,中华人民共和国,年报(含半年报)
009021,鹏华丰诚债券A,20201231,002241,歌尔转2,10494.0,1679265.0,0.0078,3,深圳证券交易所,中华人民共和国,年报(含半年报)
010871,中银信用增利债券(LOF)C,20201231,002241,歌尔转2,49262.0,7882949.7,0.0033,11,深圳证券交易所,中华人民共和国,年报(含半年报)
007316,交银施罗德可转债债券A,20201231,002241,歌尔转2,1809.0,289473.3,0.0067,24,深圳证券交易所,中华人民共和国,季报
920927,中金恒瑞债券C,20201231,002241,歌尔转2,7995.0,1279280.0,0.0112,2,深圳证券交易所,中华人民共和国,年报(含半年报)
009758,富国可转换债券C,20201231,002241,歌尔转2,684250.0,109493675.55,0.0356,6,深圳证券交易所,中华人民共和国,季报
007032,平安可转债债券A,20201231,002241,歌尔转2,1779.0,284675.4,0.0091,16,深圳证券交易所,中华人民共和国,季报
009937,东方欣益一年持有期偏债混合A,20201231,002241,歌尔转2,104939.0,16792330.14,0.0098,2,深圳证券交易所,中华人民共和国,年报(含半年报)
008044,博远增强回报债券A,20201231,002241,歌尔转2,9997.0,1599789.79,0.0022,6,深圳证券交易所,中华人民共和国,季报
920007,中金恒瑞债券A,20201231,002241,歌尔转2,7995.0,1279280.0,0.0112,2,深圳证券交易所,中华人民共和国,季报
009227,平安增鑫六个月定期开放债券A,20201231,002241,歌尔转2,27445.0,4391677.8,0.0099,9,深圳证券交易所,中华人民共和国,年报(含半年报)
010189,中欧添益一年持有期混合C,20201231,002241,歌尔转2,29983.0,4797900.0,0.0022,1,深圳证券交易所,中华人民共和国,年报(含半年报)
005991,长信利丰债券A,20201231,002241,歌尔转2,39548.0,6328430.1,0.0028,12,深圳证券交易所,中华人民共和国,年报(含半年报)
009449,泰康申润一年持有期混合C,20201231,002241,歌尔转2,4997.0,799650.0,0.0017,8,深圳证券交易所,中华人民共和国,季报
009290,富国添享一年持有期债券A,20201231,002241,歌尔转2,4997.0,799650.0,0.0021,9,深圳证券交易所,中华人民共和国,季报
009916,格林泓利增强债券A,20201231,002241,歌尔转2,50932.0,8150083.76,0.0134,2,深圳证券交易所,中华人民共和国,年报(含半年报)
006013,易方达鑫转招利混合A,20201231,002241,歌尔转2,34970.0,5595950.7,0.0056,6,深圳证券交易所,中华人民共和国,年报(含半年报)
009607,长信稳健精选混合C,20201231,002241,歌尔转2,29983.0,4797900.0,0.007,2,深圳证券交易所,中华人民共和国,年报(含半年报)
161019,富国新天锋债券(LOF)A,20201231,002241,歌尔转2,14992.0,2398950.0,0.0044,9,深圳证券交易所,中华人民共和国,季报
008692,平安增利六个月定期开放债券E,20201231,002241,歌尔转2,38230.0,6117642.36,0.0199,6,深圳证券交易所,中华人民共和国,年报(含半年报)
009520,中欧鼎利债券C,20201231,002241,歌尔转2,70340.0,11255873.4,0.0099,3,深圳证券交易所,中华人民共和国,季报
009229,平安增鑫六个月定期开放债券E,20201231,002241,歌尔转2,27445.0,4391677.8,0.0099,9,深圳证券交易所,中华人民共和国,季报
501096,国联安科技创新混合(LOF),20201231,002241,歌尔转2,220905.0,35329336.65,0.0533,1,深圳证券交易所,中华人民共和国,季报
008942,华泰紫金周周购3个月滚动持有债券C,20211231,300577,开润转债,9998.0,1181800.0,0.0152,16,深圳证券交易所,中华人民共和国,季报
008809,安信民稳增长混合A,20210630,300577,开润转债,39383.0,4191179.83,0.0043,24,深圳证券交易所,中华人民共和国,年报(含半年报)
006466,浦银安盛双债增强债券A,20210331,300577,开润转债,2497.0,266225.0,0.0005,55,深圳证券交易所,中华人民共和国,季报
010118,天弘多元收益债券A,20211231,300577,开润转债,40483.0,4785108.2,0.0013,60,深圳证券交易所,中华人民共和国,季报
511380,博时中证可转债及可交换债券ETF,20201231,300577,开润转债,3070.0,326924.3,0.0003,187,深圳证券交易所,中华人民共和国,季报
007647,平安季享裕三个月定期开放债券E,20210331,300577,开润转债,10965.0,1169260.2,0.0027,1,深圳证券交易所,中华人民共和国,季报
511380,博时中证可转债及可交换债券ETF,20210630,300577,开润转债,2023.0,215301.8,0.0003,256,深圳证券交易所,中华人民共和国,季报
010600,光大保德信安瑞一年持有期债券A,20210930,300577,开润转债,23476.0,2597900.64,0.0012,23,深圳证券交易所,中华人民共和国,季报
511380,博时中证可转债及可交换债券ETF,20211231,300577,开润转债,1710.0,202087.8,0.0003,280,深圳证券交易所,中华人民共和国,季报
003189,汇添富保鑫灵活配置混合A,20201231,300577,开润转债,9999.0,1064900.0,0.0092,1,深圳证券交易所,中华人民共和国,季报
009228,平安增鑫六个月定期开放债券C,20201231,300577,开润转债,18729.0,1994557.7,0.0045,13,深圳证券交易所,中华人民共和国,季报
008453,兴全恒鑫债券C,20210331,300577,开润转债,23507.0,2506774.6,0.0047,13,深圳证券交易所,中华人民共和国,季报
009350,新疆前海联合添泽债券C,20211231,300577,开润转债,18197.0,2150876.0,0.0012,22,深圳证券交易所,中华人民共和国,季报
009227,平安增鑫六个月定期开放债券A,20201231,300577,开润转债,18729.0,1994557.7,0.0045,13,深圳证券交易所,中华人民共和国,年报(含半年报)
008942,华泰紫金周周购3个月滚动持有债券C,20210930,300577,开润转债,9961.0,1102300.0,0.0066,15,深圳证券交易所,中华人民共和国,季报
009350,新疆前海联合添泽债券C,20211231,300577,开润转债,18197.0,2150876.0,0.0012,22,深圳证券交易所,中华人民共和国,年报(含半年报)
008452,兴全恒鑫债券A,20210630,300577,开润转债,23476.0,2498300.2,0.0032,17,深圳证券交易所,中华人民共和国,年报(含半年报)
006466,浦银安盛双债增强债券A,20210630,300577,开润转债,4488.0,477585.0,0.0009,66,深圳证券交易所,中华人民共和国,年报(含半年报)
003189,汇添富保鑫灵活配置混合A,20210630,300577,开润转债,25231.0,2685089.0,0.0156,1,深圳证券交易所,中华人民共和国,季报
009101,安信稳健增利混合C,20210930,300577,开润转债,46409.0,5135615.7,0.0006,32,深圳证券交易所,中华人民共和国,季报
010601,光大保德信安瑞一年持有期债券C,20210630,300577,开润转债,35795.0,3809324.09,0.0017,22,深圳证券交易所,中华人民共和国,年报(含半年报)
008810,安信民稳增长混合C,20211231,300577,开润转债,21616.0,2555051.6,0.0024,28,深圳证券交易所,中华人民共和国,年报(含半年报)
003189,汇添富保鑫灵活配置混合A,20210630,300577,开润转债,25231.0,2685089.0,0.0156,1,深圳证券交易所,中华人民共和国,年报(含半年报)
008942,华泰紫金周周购3个月滚动持有债券C,20211231,300577,开润转债,9998.0,1181800.0,0.0152,16,深圳证券交易所,中华人民共和国,年报(含半年报)
009512,天弘添利债券(LOF)E,20210630,300577,开润转债,32394.0,3447420.79,0.0026,68,深圳证券交易所,中华人民共和国,年报(含半年报)
006898,天弘弘丰增强回报债券A,20210630,300577,开润转债,2992.0,318390.0,0.0013,72,深圳证券交易所,中华人民共和国,季报
006655,华泰紫金季季享定期开放债券C,20211231,300577,开润转债,9998.0,1181800.0,0.0025,17,深圳证券交易所,中华人民共和国,季报
009100,安信稳健增利混合A,20210930,300577,开润转债,46409.0,5135615.7,0.0006,32,深圳证券交易所,中华人民共和国,季报
008452,兴全恒鑫债券A,20210630,300577,开润转债,23476.0,2498300.2,0.0032,17,深圳证券交易所,中华人民共和国,季报
006654,华泰紫金季季享定期开放债券A,20211231,300577,开润转债,9998.0,1181800.0,0.0025,17,深圳证券交易所,中华人民共和国,季报
006466,浦银安盛双债增强债券A,20211231,300577,开润转债,5999.0,709080.0,0.0004,97,深圳证券交易所,中华人民共和国,季报
006898,天弘弘丰增强回报债券A,20210630,300577,开润转债,2992.0,318390.0,0.0013,72,深圳证券交易所,中华人民共和国,年报(含半年报)
010118,天弘多元收益债券A,20210930,300577,开润转债,40333.0,4463212.7,0.0037,28,深圳证券交易所,中华人民共和国,季报
010118,天弘多元收益债券A,20211231,300577,开润转债,40483.0,4785108.2,0.0013,60,深圳证券交易所,中华人民共和国,年报(含半年报)
008008,易方达稳健收益债券C,20210630,300577,开润转债,14207.0,1511927.98,0.0001,76,深圳证券交易所,中华人民共和国,季报
008453,兴全恒鑫债券C,20200930,300577,开润转债,34879.0,4045910.68,0.0078,10,深圳证券交易所,中华人民共和国,季报
003189,汇添富保鑫灵活配置混合A,20211231,300577,开润转债,2750.0,324995.0,0.0026,6,深圳证券交易所,中华人民共和国,年报(含半年报)
003189,汇添富保鑫灵活配置混合A,20210930,300577,开润转债,5528.0,611776.5,0.0057,2,深圳证券交易所,中华人民共和国,季报
008453,兴全恒鑫债券C,20211231,300577,开润转债,23536.0,2781957.2,0.0014,35,深圳证券交易所,中华人民共和国,季报
008809,安信民稳增长混合A,20210331,300577,开润转债,1498.0,159735.0,0.0002,56,深圳证券交易所,中华人民共和国,季报
006899,天弘弘丰增强回报债券C,20210630,300577,开润转债,2992.0,318390.0,0.0013,72,深圳证券交易所,中华人民共和国,季报
008809,安信民稳增长混合A,20210930,300577,开润转债,43919.0,4860040.7,0.0051,18,深圳证券交易所,中华人民共和国,季报
010119,天弘多元收益债券C,20211231,300577,开润转债,40483.0,4785108.2,0.0013,60,深圳证券交易所,中华人民共和国,年报(含半年报)
006655,华泰紫金季季享定期开放债券C,20211231,300577,开润转债,9998.0,1181800.0,0.0025,17,深圳证券交易所,中华人民共和国,年报(含半年报)
008452,兴全恒鑫债券A,20200930,300577,开润转债,34879.0,4045910.68,0.0078,10,深圳证券交易所,中华人民共和国,季报
006899,天弘弘丰增强回报债券C,20210630,300577,开润转债,2992.0,318390.0,0.0013,72,深圳证券交易所,中华人民共和国,年报(含半年报)
009349,新疆前海联合添泽债券A,20211231,300577,开润转债,18197.0,2150876.0,0.0012,22,深圳证券交易所,中华人民共和国,年报(含半年报)
010600,光大保德信安瑞一年持有期债券A,20210630,300577,开润转债,35795.0,3809324.09,0.0017,22,深圳证券交易所,中华人民共和国,年报(含半年报)
006467,浦银安盛双债增强债券C,20210630,300577,开润转债,4488.0,477585.0,0.0009,66,深圳证券交易所,中华人民共和国,年报(含半年报)
008452,兴全恒鑫债券A,20211231,300577,开润转债,23536.0,2781957.2,0.0014,35,深圳证券交易所,中华人民共和国,季报
511380,博时中证可转债及可交换债券ETF,20201231,300577,开润转债,3070.0,326924.3,0.0003,187,深圳证券交易所,中华人民共和国,年报(含半年报)
007645,平安季享裕三个月定期开放债券A,20210331,300577,开润转债,10965.0,1169260.2,0.0027,1,深圳证券交易所,中华人民共和国,季报
003189,汇添富保鑫灵活配置混合A,20211231,300577,开润转债,2750.0,324995.0,0.0026,6,深圳证券交易所,中华人民共和国,季报
008691,平安增利六个月定期开放债券C,20201231,300577,开润转债,25997.0,2768633.51,0.009,18,深圳证券交易所,中华人民共和国,年报(含半年报)
008810,安信民稳增长混合C,20211231,300577,开润转债,21616.0,2555051.6,0.0024,28,深圳证券交易所,中华人民共和国,季报
009100,安信稳健增利混合A,20210331,300577,开润转债,31456.0,3354435.0,0.0011,43,深圳证券交易所,中华人民共和国,季报
003189,汇添富保鑫灵活配置混合A,20200930,300577,开润转债,34906.0,4049150.0,0.0307,1,深圳证券交易所,中华人民共和国,季报
511380,博时中证可转债及可交换债券ETF,20200930,300577,开润转债,3060.0,354953.4,0.0003,168,深圳证券交易所,中华人民共和国,季报
008453,兴全恒鑫债券C,20210630,300577,开润转债,23476.0,2498300.2,0.0032,17,深圳证券交易所,中华人民共和国,年报(含半年报)
006467,浦银安盛双债增强债券C,20210630,300577,开润转债,4488.0,477585.0,0.0009,66,深圳证券交易所,中华人民共和国,季报
009100,安信稳健增利混合A,20210630,300577,开润转债,66030.0,7026867.3,0.0008,46,深圳证券交易所,中华人民共和国,季报
008691,平安增利六个月定期开放债券C,20201231,300577,开润转债,25997.0,2768633.51,0.009,18,深圳证券交易所,中华人民共和国,季报
008692,平安增利六个月定期开放债券E,20201231,300577,开润转债,25997.0,2768633.51,0.009,18,深圳证券交易所,中华人民共和国,季报
006467,浦银安盛双债增强债券C,20210930,300577,开润转债,4483.0,496035.0,0.0008,60,深圳证券交易所,中华人民共和国,季报
006466,浦银安盛双债增强债券A,20210930,300577,开润转债,4483.0,496035.0,0.0008,60,深圳证券交易所,中华人民共和国,季报
006654,华泰紫金季季享定期开放债券A,20210930,300577,开润转债,19922.0,2204600.0,0.0034,11,深圳证券交易所,中华人民共和国,季报
008435,长信中证可转债及可交换债券50指数A,20200930,300577,开润转债,3491.0,404915.0,0.003,30,深圳证券交易所,中华人民共和国,季报
010119,天弘多元收益债券C,20210630,300577,开润转债,6981.0,742910.0,0.0021,50,深圳证券交易所,中华人民共和国,季报
010601,光大保德信安瑞一年持有期债券C,20210630,300577,开润转债,35795.0,3809324.09,0.0017,22,深圳证券交易所,中华人民共和国,季报
511380,博时中证可转债及可交换债券ETF,20210331,300577,开润转债,2735.0,291673.0,0.0004,211,深圳证券交易所,中华人民共和国,季报
008453,兴全恒鑫债券C,20210630,300577,开润转债,23476.0,2498300.2,0.0032,17,深圳证券交易所,中华人民共和国,季报
009101,安信稳健增利混合C,20210630,300577,开润转债,66030.0,7026867.3,0.0008,46,深圳证券交易所,中华人民共和国,季报
010118,天弘多元收益债券A,20210630,300577,开润转债,6981.0,742910.0,0.0021,50,深圳证券交易所,中华人民共和国,季报
010601,光大保德信安瑞一年持有期债券C,20210930,300577,开润转债,23476.0,2597900.64,0.0012,23,深圳证券交易所,中华人民共和国,季报
008453,兴全恒鑫债券C,20211231,300577,开润转债,23536.0,2781957.2,0.0014,35,深圳证券交易所,中华人民共和国,年报(含半年报)
006467,浦银安盛双债增强债券C,20211231,300577,开润转债,5999.0,709080.0,0.0004,97,深圳证券交易所,中华人民共和国,季报
008453,兴全恒鑫债券C,20201231,300577,开润转债,17619.0,1876353.8,0.004,17,深圳证券交易所,中华人民共和国,年报(含半年报)
008941,华泰紫金周周购3个月滚动持有债券A,20211231,300577,开润转债,9998.0,1181800.0,0.0152,16,深圳证券交易所,中华人民共和国,季报
010119,天弘多元收益债券C,20210930,300577,开润转债,40333.0,4463212.7,0.0037,28,深圳证券交易所,中华人民共和国,季报
006467,浦银安盛双债增强债券C,20211231,300577,开润转债,5999.0,709080.0,0.0004,97,深圳证券交易所,中华人民共和国,年报(含半年报)
008008,易方达稳健收益债券C,20211231,300577,开润转债,14244.0,1683592.28,0.0,70,深圳证券交易所,中华人民共和国,年报(含半年报)
009101,安信稳健增利混合C,20210630,300577,开润转债,66030.0,7026867.3,0.0008,46,深圳证券交易所,中华人民共和国,年报(含半年报)
010119,天弘多元收益债券C,20211231,300577,开润转债,40483.0,4785108.2,0.0013,60,深圳证券交易所,中华人民共和国,季报
008690,平安增利六个月定期开放债券A,20201231,300577,开润转债,25997.0,2768633.51,0.009,18,深圳证券交易所,中华人民共和国,年报(含半年报)
008452,兴全恒鑫债券A,20210331,300577,开润转债,23507.0,2506774.6,0.0047,13,深圳证券交易所,中华人民共和国,季报
009349,新疆前海联合添泽债券A,20210930,300577,开润转债,16286.0,1802260.5,0.001,17,深圳证券交易所,中华人民共和国,季报
008809,安信民稳增长混合A,20211231,300577,开润转债,21616.0,2555051.6,0.0024,28,深圳证券交易所,中华人民共和国,季报
006654,华泰紫金季季享定期开放债券A,20211231,300577,开润转债,9998.0,1181800.0,0.0025,17,深圳证券交易所,中华人民共和国,年报(含半年报)
008690,平安增利六个月定期开放债券A,20201231,300577,开润转债,25997.0,2768633.51,0.009,18,深圳证券交易所,中华人民共和国,季报
511380,博时中证可转债及可交换债券ETF,20210630,300577,开润转债,2023.0,215301.8,0.0003,256,深圳证券交易所,中华人民共和国,年报(含半年报)
007666,华夏鼎泓债券A,20210331,300577,开润转债,6990.0,745430.0,0.004,7,深圳证券交易所,中华人民共和国,季报
007667,华夏鼎泓债券C,20210331,300577,开润转债,6990.0,745430.0,0.004,7,深圳证券交易所,中华人民共和国,季报
009512,天弘添利债券(LOF)E,20210630,300577,开润转债,32394.0,3447420.79,0.0026,68,深圳证券交易所,中华人民共和国,季报
006466,浦银安盛双债增强债券A,20210630,300577,开润转债,4488.0,477585.0,0.0009,66,深圳证券交易所,中华人民共和国,季报
008692,平安增利六个月定期开放债券E,20201231,300577,开润转债,25997.0,2768633.51,0.009,18,深圳证券交易所,中华人民共和国,年报(含半年报)
008008,易方达稳健收益债券C,20210630,300577,开润转债,14207.0,1511927.98,0.0001,76,深圳证券交易所,中华人民共和国,年报(含半年报)
008008,易方达稳健收益债券C,20210331,300577,开润转债,14226.0,1517056.54,0.0001,72,深圳证券交易所,中华人民共和国,季报
009228,平安增鑫六个月定期开放债券C,20201231,300577,开润转债,18729.0,1994557.7,0.0045,13,深圳证券交易所,中华人民共和国,年报(含半年报)
009349,新疆前海联合添泽债券A,20211231,300577,开润转债,18197.0,2150876.0,0.0012,22,深圳证券交易所,中华人民共和国,季报
009350,新疆前海联合添泽债券C,20210930,300577,开润转债,16286.0,1802260.5,0.001,17,深圳证券交易所,中华人民共和国,季报
007646,平安季享裕三个月定期开放债券C,20210331,300577,开润转债,10965.0,1169260.2,0.0027,1,深圳证券交易所,中华人民共和国,季报
008810,安信民稳增长混合C,20210930,300577,开润转债,43919.0,4860040.7,0.0051,18,深圳证券交易所,中华人民共和国,季报
003189,汇添富保鑫灵活配置混合A,20210331,300577,开润转债,15279.0,1629297.0,0.0099,1,深圳证券交易所,中华人民共和国,季报
008452,兴全恒鑫债券A,20201231,300577,开润转债,17619.0,1876353.8,0.004,17,深圳证券交易所,中华人民共和国,季报
008941,华泰紫金周周购3个月滚动持有债券A,20210930,300577,开润转债,9961.0,1102300.0,0.0066,15,深圳证券交易所,中华人民共和国,季报
010118,天弘多元收益债券A,20210630,300577,开润转债,6981.0,742910.0,0.0021,50,深圳证券交易所,中华人民共和国,年报(含半年报)
008453,兴全恒鑫债券C,20210930,300577,开润转债,23449.0,2594814.2,0.0015,32,深圳证券交易所,中华人民共和国,季报
008453,兴全恒鑫债券C,20201231,300577,开润转债,17619.0,1876353.8,0.004,17,深圳证券交易所,中华人民共和国,季报
010600,光大保德信安瑞一年持有期债券A,20210630,300577,开润转债,35795.0,3809324.09,0.0017,22,深圳证券交易所,中华人民共和国,季报
009101,安信稳健增利混合C,20210331,300577,开润转债,31456.0,3354435.0,0.0011,43,深圳证券交易所,中华人民共和国,季报
010119,天弘多元收益债券C,20210630,300577,开润转债,6981.0,742910.0,0.0021,50,深圳证券交易所,中华人民共和国,年报(含半年报)
009227,平安增鑫六个月定期开放债券A,20201231,300577,开润转债,18729.0,1994557.7,0.0045,13,深圳证券交易所,中华人民共和国,季报
008810,安信民稳增长混合C,20210630,300577,开润转债,39383.0,4191179.83,0.0043,24,深圳证券交易所,中华人民共和国,季报
008809,安信民稳增长混合A,20211231,300577,开润转债,21616.0,2555051.6,0.0024,28,深圳证券交易所,中华人民共和国,年报(含半年报)
009229,平安增鑫六个月定期开放债券E,20201231,300577,开润转债,18729.0,1994557.7,0.0045,13,深圳证券交易所,中华人民共和国,季报
006466,浦银安盛双债增强债券A,20211231,300577,开润转债,5999.0,709080.0,0.0004,97,深圳证券交易所,中华人民共和国,年报(含半年报)
008810,安信民稳增长混合C,20210331,300577,开润转债,1498.0,159735.0,0.0002,56,深圳证券交易所,中华人民共和国,季报
008452,兴全恒鑫债券A,20210930,300577,开润转债,23449.0,2594814.2,0.0015,32,深圳证券交易所,中华人民共和国,季报
008008,易方达稳健收益债券C,20211231,300577,开润转债,14244.0,1683592.28,0.0,70,深圳证券交易所,中华人民共和国,季报
009229,平安增鑫六个月定期开放债券E,20201231,300577,开润转债,18729.0,1994557.7,0.0045,13,深圳证券交易所,中华人民共和国,年报(含半年报)
008452,兴全恒鑫债券A,20211231,300577,开润转债,23536.0,2781957.2,0.0014,35,深圳证券交易所,中华人民共和国,年报(含半年报)
511380,博时中证可转债及可交换债券ETF,20210930,300577,开润转债,1801.0,199317.2,0.0003,262,深圳证券交易所,中华人民共和国,季报
008809,安信民稳增长混合A,20210630,300577,开润转债,39383.0,4191179.83,0.0043,24,深圳证券交易所,中华人民共和国,季报
008452,兴全恒鑫债券A,20201231,300577,开润转债,17619.0,1876353.8,0.004,17,深圳证券交易所,中华人民共和国,年报(含半年报)
008810,安信民稳增长混合C,20210630,300577,开润转债,39383.0,4191179.83,0.0043,24,深圳证券交易所,中华人民共和国,年报(含半年报)
006467,浦银安盛双债增强债券C,20210331,300577,开润转债,2497.0,266225.0,0.0005,55,深圳证券交易所,中华人民共和国,季报
009100,安信稳健增利混合A,20210630,300577,开润转债,66030.0,7026867.3,0.0008,46,深圳证券交易所,中华人民共和国,年报(含半年报)
008941,华泰紫金周周购3个月滚动持有债券A,20211231,300577,开润转债,9998.0,1181800.0,0.0152,16,深圳证券交易所,中华人民共和国,年报(含半年报)
511380,博时中证可转债及可交换债券ETF,20211231,300577,开润转债,1710.0,202087.8,0.0003,280,深圳证券交易所,中华人民共和国,年报(含半年报)
006655,华泰紫金季季享定期开放债券C,20210930,300577,开润转债,19922.0,2204600.0,0.0034,11,深圳证券交易所,中华人民共和国,季报
008008,易方达稳健收益债券C,20210930,300577,开润转债,14191.0,1570336.58,0.0,61,深圳证券交易所,中华人民共和国,季报
003189,汇添富保鑫灵活配置混合A,20201231,300577,开润转债,9999.0,1064900.0,0.0092,1,深圳证券交易所,中华人民共和国,年报(含半年报)
008436,长信中证可转债及可交换债券50指数C,20200930,300577,开润转债,3491.0,404915.0,0.003,30,深圳证券交易所,中华人民共和国,季报
007009,中邮纯债优选一年定期开放债券C,20211231,600461,洪城转债,6998.0,968450.0,0.0014,6,上海证券交易所,中华人民共和国,季报
010514,淳厚益加增强债券C,20210630,600461,洪城转债,16785.0,1931832.0,0.0074,2,上海证券交易所,中华人民共和国,季报
010871,中银信用增利债券(LOF)C,20211231,600461,洪城转债,10227.0,1415320.5,0.0005,45,上海证券交易所,中华人民共和国,年报(含半年报)
007425,浙商汇金中高等级三个月定期开放债券A,20211231,600461,洪城转债,750.0,103762.5,0.0009,32,上海证券交易所,中华人民共和国,年报(含半年报)
007316,交银施罗德可转债债券A,20211231,600461,洪城转债,6088.0,842551.5,0.0061,39,上海证券交易所,中华人民共和国,年报(含半年报)
009610,天弘永利债券C,20210630,600461,洪城转债,67701.0,7791722.4,0.001,56,上海证券交易所,中华人民共和国,年报(含半年报)
008690,平安增利六个月定期开放债券A,20211231,600461,洪城转债,2449.0,338957.5,0.005,20,上海证券交易所,中华人民共和国,季报
009758,富国可转换债券C,20210630,600461,洪城转债,130507.0,15019993.8,0.0028,47,上海证券交易所,中华人民共和国,季报
008332,万家可转债债券C,20210630,600461,洪城转债,999.0,114990.0,0.0082,40,上海证券交易所,中华人民共和国,年报(含半年报)
010436,富国双债增强债券C,20210630,600461,洪城转债,8992.0,1034910.0,0.0026,39,上海证券交易所,中华人民共和国,季报
008556,易方达裕富债券A,20211231,600461,洪城转债,15665.0,2167944.5,0.0016,17,上海证券交易所,中华人民共和国,季报
007969,西部利得得尊纯债债券C,20210630,600461,洪城转债,102421.0,11787624.9,0.0078,1,上海证券交易所,中华人民共和国,年报(含半年报)
009526,广发聚荣一年持有期混合C,20210630,600461,洪城转债,9991.0,1149900.0,0.0002,11,上海证券交易所,中华人民共和国,年报(含半年报)
002412,华富安福债券,20210630,600461,洪城转债,2260.0,259877.4,0.049,3,上海证券交易所,中华人民共和国,年报(含半年报)
009308,天弘安康颐养混合C,20211231,600461,洪城转债,39988.0,5534000.0,0.0015,17,上海证券交易所,中华人民共和国,季报
006466,浦银安盛双债增强债券A,20210930,600461,洪城转债,9989.0,1300300.0,0.0021,28,上海证券交易所,中华人民共和国,季报
008897,上银可转债精选债券A,20210630,600461,洪城转债,2408.0,277125.9,0.021,21,上海证券交易所,中华人民共和国,年报(含半年报)
002412,华富安福债券,20210930,600461,洪城转债,2260.0,293867.8,0.0351,2,上海证券交易所,中华人民共和国,季报
007262,东方红聚利债券A,20211231,600461,洪城转债,1939.0,268399.0,0.0001,54,上海证券交易所,中华人民共和国,季报
000028,华富安鑫债券,20210630,600461,洪城转债,16496.0,1898484.9,0.037,3,上海证券交易所,中华人民共和国,季报
511180,海富通上证投资级可转债及可交换债券ETF,20210630,600461,洪城转债,9460.0,1088765.9,0.0044,35,上海证券交易所,中华人民共和国,季报
010430,招商安阳债券A,20211231,600461,洪城转债,43247.0,5985021.0,0.0034,3,上海证券交易所,中华人民共和国,年报(含半年报)
006899,天弘弘丰增强回报债券C,20211231,600461,洪城转债,155635.0,21538328.0,0.0126,17,上海证券交易所,中华人民共和国,季报
010430,招商安阳债券A,20210630,600461,洪城转债,43222.0,4974467.4,0.0022,7,上海证券交易所,中华人民共和国,季报
000028,华富安鑫债券,20211231,600461,洪城转债,3949.0,546482.5,0.0104,13,上海证券交易所,中华人民共和国,季报
010069,工银瑞信双盈债券C,20210630,600461,洪城转债,7943.0,914170.5,0.0005,26,上海证券交易所,中华人民共和国,季报
001124,融通增强收益债券C,20210630,600461,洪城转债,4996.0,574950.0,0.0139,10,上海证券交易所,中华人民共和国,年报(含半年报)
010513,淳厚益加增强债券A,20210930,600461,洪城转债,25972.0,3380780.0,0.0108,1,上海证券交易所,中华人民共和国,季报
511180,海富通上证投资级可转债及可交换债券ETF,20211231,600461,洪城转债,8847.0,1224309.0,0.0046,39,上海证券交易所,中华人民共和国,季报
007033,平安可转债债券C,20210930,600461,洪城转债,12976.0,1689089.7,0.0297,6,上海证券交易所,中华人民共和国,季报
010514,淳厚益加增强债券C,20210630,600461,洪城转债,16785.0,1931832.0,0.0074,2,上海证券交易所,中华人民共和国,年报(含半年报)
010118,天弘多元收益债券A,20211231,600461,洪城转债,196383.0,27177474.0,0.0076,16,上海证券交易所,中华人民共和国,年报(含半年报)
000028,华富安鑫债券,20211231,600461,洪城转债,3949.0,546482.5,0.0104,13,上海证券交易所,中华人民共和国,年报(含半年报)
007442,浙商汇金中高等级三个月定期开放债券C,20211231,600461,洪城转债,750.0,103762.5,0.0009,32,上海证券交易所,中华人民共和国,季报
009525,广发聚荣一年持有期混合A,20211231,600461,洪城转债,9997.0,1383500.0,0.0003,18,上海证券交易所,中华人民共和国,季报
007317,交银施罗德可转债债券C,20211231,600461,洪城转债,6088.0,842551.5,0.0061,39,上海证券交易所,中华人民共和国,季报
009121,广发招享混合A,20210630,600461,洪城转债,390660.0,44961090.0,0.0297,1,上海证券交易所,中华人民共和国,年报(含半年报)
000189,易方达丰华债券A,20211231,600461,洪城转债,43457.0,6014074.5,0.0004,44,上海证券交易所,中华人民共和国,年报(含半年报)
006467,浦银安盛双债增强债券C,20211231,600461,洪城转债,4999.0,691750.0,0.0004,99,上海证券交易所,中华人民共和国,季报
010068,工银瑞信双盈债券A,20210630,600461,洪城转债,7943.0,914170.5,0.0005,26,上海证券交易所,中华人民共和国,年报(含半年报)
006466,浦银安盛双债增强债券A,20210630,600461,洪城转债,9991.0,1149900.0,0.0021,32,上海证券交易所,中华人民共和国,年报(含半年报)
007032,平安可转债债券A,20210930,600461,洪城转债,12976.0,1689089.7,0.0297,6,上海证券交易所,中华人民共和国,季报
007033,平安可转债债券C,20211231,600461,洪城转债,8088.0,1119251.5,0.0126,24,上海证券交易所,中华人民共和国,季报
007712,中银康享3个月定期开放债券,20210930,600461,洪城转债,4835.0,629345.2,0.0005,11,上海证券交易所,中华人民共和国,季报
009525,广发聚荣一年持有期混合A,20211231,600461,洪城转债,9997.0,1383500.0,0.0003,18,上海证券交易所,中华人民共和国,年报(含半年报)
010069,工银瑞信双盈债券C,20210930,600461,洪城转债,7941.0,1033738.5,0.0006,28,上海证券交易所,中华人民共和国,季报
008557,易方达裕富债券C,20211231,600461,洪城转债,15665.0,2167944.5,0.0016,17,上海证券交易所,中华人民共和国,年报(含半年报)
008817,华宝可转债债券C,20210630,600461,洪城转债,14218.0,1636307.7,0.0054,33,上海证券交易所,中华人民共和国,年报(含半年报)
009525,广发聚荣一年持有期混合A,20210630,600461,洪城转债,9991.0,1149900.0,0.0002,11,上海证券交易所,中华人民共和国,年报(含半年报)
010431,招商安阳债券C,20210630,600461,洪城转债,43222.0,4974467.4,0.0022,7,上海证券交易所,中华人民共和国,年报(含半年报)
010435,富国双债增强债券A,20210630,600461,洪城转债,8992.0,1034910.0,0.0026,39,上海证券交易所,中华人民共和国,年报(含半年报)
009758,富国可转换债券C,20210630,600461,洪城转债,130507.0,15019993.8,0.0028,47,上海证券交易所,中华人民共和国,年报(含半年报)
006700,红土创新稳健混合A,20210630,600461,洪城转债,19793.0,2277951.9,0.0568,3,上海证券交易所,中华人民共和国,年报(含半年报)
010431,招商安阳债券C,20211231,600461,洪城转债,43247.0,5985021.0,0.0034,3,上海证券交易所,中华人民共和国,季报
005843,金元顺安沣泉债券A,20210630,600461,洪城转债,4766.0,548502.3,0.005,26,上海证券交易所,中华人民共和国,年报(含半年报)
511380,博时中证可转债及可交换债券ETF,20210930,600461,洪城转债,14181.0,1846000.0,0.0028,55,上海证券交易所,中华人民共和国,季报
009526,广发聚荣一年持有期混合C,20211231,600461,洪城转债,9997.0,1383500.0,0.0003,18,上海证券交易所,中华人民共和国,季报
008692,平安增利六个月定期开放债券E,20211231,600461,洪城转债,2449.0,338957.5,0.005,20,上海证券交易所,中华人民共和国,季报
006650,招商安庆债券,20211231,600461,洪城转债,3599.0,498060.0,0.0019,28,上海证券交易所,中华人民共和国,季报
008302,永赢易弘债券A,20210630,600461,洪城转债,9991.0,1149900.0,0.003,14,上海证券交易所,中华人民共和国,季报
010436,富国双债增强债券C,20210630,600461,洪城转债,8992.0,1034910.0,0.0026,39,上海证券交易所,中华人民共和国,年报(含半年报)
000142,融通增强收益债券A,20210630,600461,洪城转债,4996.0,574950.0,0.0139,10,上海证券交易所,中华人民共和国,年报(含半年报)
008556,易方达裕富债券A,20211231,600461,洪城转债,15665.0,2167944.5,0.0016,17,上海证券交易所,中华人民共和国,年报(含半年报)
008302,永赢易弘债券A,20211231,600461,洪城转债,9997.0,1383500.0,0.0012,25,上海证券交易所,中华人民共和国,年报(含半年报)
009526,广发聚荣一年持有期混合C,20210930,600461,洪城转债,9989.0,1300300.0,0.0003,12,上海证券交易所,中华人民共和国,季报
007263,东方红聚利债券C,20211231,600461,洪城转债,1939.0,268399.0,0.0001,54,上海证券交易所,中华人民共和国,年报(含半年报)
001124,融通增强收益债券C,20210630,600461,洪城转债,4996.0,574950.0,0.0139,10,上海证券交易所,中华人民共和国,季报
002344,融通增益债券C,20210630,600461,洪城转债,2997.0,344970.0,0.0052,7,上海证券交易所,中华人民共和国,季报
007262,东方红聚利债券A,20211231,600461,洪城转债,1939.0,268399.0,0.0001,54,上海证券交易所,中华人民共和国,年报(含半年报)
009077,红土创新稳进混合A,20210630,600461,洪城转债,6404.0,737085.9,0.0018,4,上海证券交易所,中华人民共和国,年报(含半年报)
007442,浙商汇金中高等级三个月定期开放债券C,20211231,600461,洪城转债,750.0,103762.5,0.0009,32,上海证券交易所,中华人民共和国,年报(含半年报)
006650,招商安庆债券,20210930,600461,洪城转债,3596.0,468108.0,0.0013,28,上海证券交易所,中华人民共和国,季报
009019,西部利得聚泰18个月定期开放债券C,20210630,600461,洪城转债,165556.0,19053843.0,0.0196,1,上海证券交易所,中华人民共和国,年报(含半年报)
008331,万家可转债债券A,20210930,600461,洪城转债,2947.0,383588.5,0.0073,25,上海证券交易所,中华人民共和国,季报
008302,永赢易弘债券A,20211231,600461,洪城转债,9997.0,1383500.0,0.0012,25,上海证券交易所,中华人民共和国,季报
006867,易方达丰华债券C,20211231,600461,洪城转债,43457.0,6014074.5,0.0004,44,上海证券交易所,中华人民共和国,季报
160718,嘉实多利收益债券A,20211231,600461,洪城转债,6298.0,871605.0,0.0062,20,上海证券交易所,中华人民共和国,季报
009078,红土创新稳进混合C,20210630,600461,洪城转债,6404.0,737085.9,0.0018,4,上海证券交易所,中华人民共和国,年报(含半年报)
007032,平安可转债债券A,20211231,600461,洪城转债,8088.0,1119251.5,0.0126,24,上海证券交易所,中华人民共和国,年报(含半年报)
006467,浦银安盛双债增强债券C,20210630,600461,洪城转债,9991.0,1149900.0,0.0021,32,上海证券交易所,中华人民共和国,年报(含半年报)
002344,融通增益债券C,20210630,600461,洪城转债,2997.0,344970.0,0.0052,7,上海证券交易所,中华人民共和国,年报(含半年报)
007316,交银施罗德可转债债券A,20211231,600461,洪城转债,6088.0,842551.5,0.0061,39,上海证券交易所,中华人民共和国,季报
010068,工银瑞信双盈债券A,20210930,600461,洪城转债,7941.0,1033738.5,0.0006,28,上海证券交易所,中华人民共和国,季报
006650,招商安庆债券,20210630,600461,洪城转债,3597.0,413964.0,0.0018,24,上海证券交易所,中华人民共和国,年报(含半年报)
009512,天弘添利债券(LOF)E,20211231,600461,洪城转债,713844.0,98788817.5,0.0289,9,上海证券交易所,中华人民共和国,年报(含半年报)
010119,天弘多元收益债券C,20210930,600461,洪城转债,130889.0,17037830.9,0.0141,6,上海证券交易所,中华人民共和国,季报
010015,华夏鼎清债券C,20210630,600461,洪城转债,167634.0,19293022.2,0.0024,4,上海证券交易所,中华人民共和国,季报
003472,新疆前海联合添鑫3个月定期开放债券C,20211231,600461,洪城转债,300.0,41505.0,0.0025,36,上海证券交易所,中华人民共和国,季报
009078,红土创新稳进混合C,20210630,600461,洪城转债,6404.0,737085.9,0.0018,4,上海证券交易所,中华人民共和国,季报
007033,平安可转债债券C,20211231,600461,洪城转债,8088.0,1119251.5,0.0126,24,上海证券交易所,中华人民共和国,年报(含半年报)
010068,工银瑞信双盈债券A,20210630,600461,洪城转债,7943.0,914170.5,0.0005,26,上海证券交易所,中华人民共和国,季报
010118,天弘多元收益债券A,20211231,600461,洪城转债,196383.0,27177474.0,0.0076,16,上海证券交易所,中华人民共和国,季报
010430,招商安阳债券A,20210630,600461,洪城转债,43222.0,4974467.4,0.0022,7,上海证券交易所,中华人民共和国,年报(含半年报)
010118,天弘多元收益债券A,20210930,600461,洪城转债,130889.0,17037830.9,0.0141,6,上海证券交易所,中华人民共和国,季报
009610,天弘永利债券C,20211231,600461,洪城转债,585221.0,80988706.5,0.0028,6,上海证券交易所,中华人民共和国,年报(含半年报)
006867,易方达丰华债券C,20211231,600461,洪城转债,43457.0,6014074.5,0.0004,44,上海证券交易所,中华人民共和国,年报(含半年报)
008690,平安增利六个月定期开放债券A,20211231,600461,洪城转债,2449.0,338957.5,0.005,20,上海证券交易所,中华人民共和国,年报(含半年报)
010431,招商安阳债券C,20211231,600461,洪城转债,43247.0,5985021.0,0.0034,3,上海证券交易所,中华人民共和国,年报(含半年报)
008890,中邮价值优选一年定期开放灵活配置混合,20210930,600461,洪城转债,599.0,78018.0,0.005,23,上海证券交易所,中华人民共和国,季报
007032,平安可转债债券A,20211231,600461,洪城转债,8088.0,1119251.5,0.0126,24,上海证券交易所,中华人民共和国,季报
005843,金元顺安沣泉债券A,20210630,600461,洪城转债,4766.0,548502.3,0.005,26,上海证券交易所,中华人民共和国,季报
006701,红土创新稳健混合C,20210630,600461,洪城转债,19793.0,2277951.9,0.0568,3,上海证券交易所,中华人民共和国,年报(含半年报)
006898,天弘弘丰增强回报债券A,20211231,600461,洪城转债,155635.0,21538328.0,0.0126,17,上海证券交易所,中华人民共和国,季报
008331,万家可转债债券A,20210630,600461,洪城转债,999.0,114990.0,0.0082,40,上海证券交易所,中华人民共和国,年报(含半年报)
007317,交银施罗德可转债债券C,20210930,600461,洪城转债,6083.0,791882.7,0.0106,23,上海证券交易所,中华人民共和国,季报
010435,富国双债增强债券A,20210630,600461,洪城转债,8992.0,1034910.0,0.0026,39,上海证券交易所,中华人民共和国,季报
010069,工银瑞信双盈债券C,20210630,600461,洪城转债,7943.0,914170.5,0.0005,26,上海证券交易所,中华人民共和国,年报(含半年报)
005991,长信利丰债券A,20210630,600461,洪城转债,82868.0,9537270.6,0.0047,7,上海证券交易所,中华人民共和国,季报
003471,新疆前海联合添鑫3个月定期开放债券A,20211231,600461,洪城转债,300.0,41505.0,0.0025,36,上海证券交易所,中华人民共和国,年报(含半年报)
000189,易方达丰华债券A,20211231,600461,洪城转债,43457.0,6014074.5,0.0004,44,上海证券交易所,中华人民共和国,季报
007969,西部利得得尊纯债债券C,20210630,600461,洪城转债,102421.0,11787624.9,0.0078,1,上海证券交易所,中华人民共和国,季报
009610,天弘永利债券C,20210930,600461,洪城转债,391568.0,50970459.7,0.0019,11,上海证券交易所,中华人民共和国,季报
003471,新疆前海联合添鑫3个月定期开放债券A,20211231,600461,洪城转债,300.0,41505.0,0.0025,36,上海证券交易所,中华人民共和国,季报
007008,中邮纯债优选一年定期开放债券A,20211231,600461,洪城转债,6998.0,968450.0,0.0014,6,上海证券交易所,中华人民共和国,季报
006467,浦银安盛双债增强债券C,20211231,600461,洪城转债,4999.0,691750.0,0.0004,99,上海证券交易所,中华人民共和国,年报(含半年报)
